0,1,2,3,4,5,6,7,8,9
0.16618956671351642,-1.3100832514913736,-0.5426931800723096,0.7982258137848293,-0.5322809843553286,1.0137001038729725,-0.28581861859657764,0.27509917018781205,-0.9681779882059925,0.20406780664663224
0.033104485874260556,-1.7974888362704307,0.4187230894452096,0.9850374319662464,-0.4572080654651341,-0.2399743753392724,-1.360562062103334,1.8583485872287075,0.8383094627838666,-1.2443033852584626
0.7364326767487972,-0.23146188222230818,2.0972149113144636,-2.2095115361101176,-0.49504083530519827,0.10267084222381513,-4.108287657993511,1.296966373530369,-3.4436991046018774,0.31288024370279754
1.3006237465439239,-0.08289346649052053,-0.03494822601272456,-0.24160967853074014,-0.029812616699269306,0.5116550956450551,1.2088598256744596,1.944834169706941,-1.9421267409419114,-0.5437656356299293
0.666904336760523,0.455080445452475,1.756013596229416,-0.46926064979993876,-1.3523764703283712,0.11303708954349448,-0.31193359575400526,0.9786107182632742,-0.5305194844389268,-0.07682380485465876
-0.6908712019222379,0.7308622159608107,0.31677062337085826,0.29081032307600785,0.38522397394850016,2.265351957053006,-1.0169668936473524,0.8795043102719216,0.581718147228112,-1.1967379633865987
2.926868897377665,0.6927184665941246,1.0578727682193518,2.3062916834366063,-2.4427890902963756,0.4543222781425995,0.20021578813527996,-1.4108899958179177,0.47039346401953575,2.2955490652554755
0.7015322050418538,0.10380578673808363,-1.1745623395578462,0.7029796484421449,0.2885160897662347,0.6675524328498915,-1.369592446639029,-0.12394074930767228,1.2863956846744766,1.7519055541862643
-0.381255177878225,1.8577392556579368,0.49123700152620137,1.0187353168800577,0.4711723490324204,0.3362108544797703,0.5255566857563656,0.9531291755002161,3.3447855773280053,-1.5092375803442946
0.4313011338047335,0.786377118571888,-0.24505609752691151,0.549864971838462,0.8305347155784897,0.15701758771484936,-1.0101513338611934,0.8889768140140016,-1.2234939348896006,-0.40465672500721506
-0.6236834556547749,0.3057612734108696,-0.17757968809282898,-0.5759502036268914,0.1653726903968985,-1.8630628252888815,3.0059382290192778,-0.7986599770175631,-0.29047891550227334,0.04062289454830611
2.1840646885837147,0.635212976460898,1.3228117066864886,2.7652631203728673,0.0920483096715323,0.9816427835048921,-2.449353629918598,-2.7216457103966674,-0.1700614197142516,-0.37930679968020853
-0.8008298303677446,-0.4788116119304896,3.033586639696807,-2.1800151249775697,0.30282829332618877,-0.5834963281779689,-0.7643942373895146,-0.4239219194215809,1.0197139406137636,0.19740357826240856
0.29695200380209646,-0.8179392681354241,0.8001861112173552,-1.7307535065847464,-0.8126323106093895,-1.045825537799726,0.24475451646495625,-0.27740376625448765,0.4993301094033242,2.0812762615234157
-0.48602384001612475,0.2971542453598989,-0.058996608669953404,0.05884060906287998,0.7851094829428683,-0.45678967787644786,-1.2496883686014482,0.2854862282475804,0.1012399816567703,-0.15669412541696337
1.936337352590583,-2.7332393309542233,0.7862569916323607,1.2586466893420247,-0.45784685069956005,-0.9221389599365699,0.3526061997939763,1.0734401753870553,-0.5423750516203976,-0.20714184334085559
-0.8928302490156951,0.8944299598056705,-0.6780797446270024,-2.1589505946996614,1.7718251492573829,0.4254205731416982,-0.054952859269659156,0.8738290411179522,-0.06171782062003287,1.9910472398862238
2.3191473399325115,1.8938990717971007,-0.9142926655721711,-1.805128341001042,-0.16669605228393639,1.7522004649933576,2.386946697962255,0.49814552842738263,0.2701664873720994,-0.857905937195846
0.6591417563509543,-0.8429183981318581,0.7925867810855515,-0.7888280251504833,0.27202213481852777,0.3314157048322258,-0.997591276142543,-0.19929224501311,0.05314453755209494,0.03836443022792525
-0.37143077632357646,0.7019974684273598,1.0302912587277253,0.17886676357013048,0.41616638749611734,0.6956052787319074,-0.3012361857860221,0.09284846301241177,-0.5899134454303301,-1.6159874637082712
-0.3739689876774872,2.4968460689514975,0.0061329929192110565,-1.2223908139483477,0.3318802828892371,1.4205205030012467,-0.36737166976981706,-0.5767025038953575,-0.4699726601428991,-2.5565145283808617
1.7291200842509682,0.6736579246573782,1.593001298999869,-0.24305501674751434,0.10879821009130386,-0.8331136556804267,2.3369901527606673,-0.4564368927809753,0.06960751065823859,0.866327490077329
0.6261220804258557,0.4168154901785108,0.09228859268001029,-0.5327110574627335,-0.03669109206525867,-0.7466411925302603,0.588478093680269,-0.07796579565198196,0.31276801617301264,0.418549111175862
-0.5239577290706424,1.2041614548144608,0.16649869648843482,0.11993554414551919,2.618178501968778,-0.8417423686600524,0.235804092454171,1.683135345487023,1.2055360627832947,1.5051556482268913
-0.8692200597073998,-0.3760748797159056,1.988451838828982,0.8024810364379535,-1.1410872109183534,0.3384021682990238,-2.2015091683703534,-0.8314375755486679,-0.5149696153041488,-0.2328577089965543
4.549497127810953,0.27952784660195074,0.4741840490114131,-0.69259562100976,-0.6607514642538235,-0.7523836819625837,-0.563251172237951,-0.47019328858711745,-0.2943717444815653,0.8961915705701846
0.8938803651988291,0.9242514329798992,-1.5263702949366456,0.5091627554336792,-0.082750818725425,0.6353739105232722,2.2642866856431936,1.3606177576017873,-0.6690101464883694,-0.3607899822526293
0.5247416915338713,1.80274714893176,-0.20599460102823614,-1.2337911302869264,-2.9780758660071873,0.316769284686207,-0.8598205359633668,-0.4212364616104605,1.7821657062387235,-0.31822401833852815
-0.16335972694794298,2.441777178992576,0.45627309395965265,0.006425006742205557,-0.9767881748433488,1.045004900412514,0.6161835327760044,-0.03677591539455336,-0.32725355909426473,-0.9400134728997248
2.8285727220729213,1.2470463239067946,0.7497551707196339,-1.3346851910631232,0.7317627423306984,-1.0658482967342526,0.9571241968762825,-2.8534868453768487,-0.36482781672754594,-1.85892227047379
-3.179266137408219,1.0594732359433028,0.5789488929946451,0.939073188976827,0.5594259013264316,-2.197463824501133,1.2630908921734352,0.5631477649235502,-1.224275351884098,0.06241382051307992
0.7000386384067643,-1.783720213779262,0.783345774813222,0.13542443817037522,-1.043741549634842,2.202442531953946,1.3208441757848775,1.1879823049857043,0.135700352547656,-0.20215529579891048
0.6715347023859403,0.425304210165712,0.84769309466272,0.2908786773089649,-0.3569629095472517,0.7216343042031834,0.008178114250134596,-0.18887900435496668,0.9273466445573207,-0.9670173814545133
-0.0031878934028277883,1.1759236928150216,1.5940640612252577,-0.5301845802961579,-0.2677431226380428,-0.0385766598180212,0.49010708109032913,1.2396772394374558,1.2084364571678923,-1.7818537581521336
0.006011487465454339,0.06333520796462747,-0.6542262236817136,-0.8810753266009906,-1.9404273036368656,-0.8392339850515125,0.8326281951127631,-0.5333233512738162,2.4388287358560965,1.8288698803193866
-1.085386245288218,1.2909613268249378,-1.3303642030443192,1.3924060219724868,-0.9797991223670881,-0.932446495231467,0.3586749236101913,0.2249228498509583,-1.424211802242296,0.7487085697874192
0.7749549893525671,-0.39765574142105786,-0.5627726780301648,2.0597912946415033,-0.20877482690917892,0.9743392448185351,0.26036602737152625,-0.18306946212306927,-1.0210568798926944,-2.8933628749698035
-0.6191548427398993,-0.35119736907962384,-0.10493626685104608,-1.1716131716826166,0.1042937314344876,-0.8026347029499673,-2.4751476923555322,0.04701845144239701,0.47540034079948523,-0.05977903841431061
0.22861034119019713,-0.1327718905601559,-0.42842950105954647,0.5211640388365215,-1.6696823362895272,-1.5450876164810388,-0.5019260530904273,-1.6773289084579202,1.3495008376994295,-1.86610471095752
-0.11506409055921137,-0.13805110555074981,-1.2332439863687397,2.497083755572994,0.3118064958728495,-1.1378323285400151,1.0205984424922043,-0.37096884450563233,-0.29926829099934266,2.603821991800948
2.181437785078804,-0.09842548573402318,-0.13137137542360183,0.1770974051282108,0.20106074820478595,0.18746375695770265,-0.9487375289639506,0.13382817344143125,-0.5166675374291366,-1.8209078252936812
-3.065922743236986,0.27358297701396933,-2.1494837515500893,-0.264563604079067,0.28931175264510645,1.6388015299650662,2.153310561364494,1.020728106180929,1.427040445101429,0.561331008093445
0.7140603109553632,0.28173754017812097,0.5548205435996697,0.4592312045347075,0.028783312211617465,-1.5049264754346299,0.3040843799337606,0.5359636413021008,-1.4987037236662513,0.8403886684016308
2.872775039980942,-0.5444108547083486,0.3042713007976205,0.38335330870957085,0.7959232792976976,0.6684432410478249,-0.08915420930856084,0.49114639551594835,0.39734048679004585,-0.9327549239086043
-0.20159478285420374,-0.41438459915074466,0.18634472840986516,-1.3491147979694267,-1.0370931345629733,-1.0045997953086978,-0.5892244635016154,0.9638970939500389,1.2240178092079215,0.32032095937351207
1.148500246575079,-1.5391500541745378,2.1033098996185857,1.8233692629029705,-2.0646792167036483,1.6275901883233688,1.6230773674762955,-0.16099132031458002,0.37705008549640556,0.5622518052455087
-1.863854293864708,1.0497056614294722,1.0335853076449633,0.2686958205401959,-0.006163479132297641,-0.13468814420135464,0.7210208037793747,-1.244522372810812,0.34450916056434705,-0.3095499389618691
-2.5080146437161663,0.9508889938397854,1.657856615599372,1.1029953948889029,-1.5876622989506228,-1.3375666011877494,0.5694541820970872,-0.7962808717912139,0.391708834052982,-0.1482593430902075
-1.2439714710332048,1.3816177563154148,-0.0820935264258516,2.9347748622960204,-1.0304295736312863,0.40610476849136673,1.962844512616986,1.1615807763383474,-2.044033788638175,0.7968285302172451
-1.194608020702027,0.9728416226306672,-0.6855563751205235,0.8163040942176805,0.019962487353455224,-0.27670071997111917,1.7886239642576125,-3.888885388098409,0.12354938631809341,1.964321948503374
0.27408539631277745,1.1255401279839667,-0.45624199982569663,0.37310972074595344,0.182562370552975,1.6437831224033808,0.6302247077561065,1.7478758854781389,-1.0580184389099074,-3.5235501281386843
0.49367854056605365,0.2255008763068238,-2.7727040135230223,3.0400275445365526,-0.6327607809016282,-0.4562851118008732,-1.0771217474537806,-2.1795725775460086,1.5410115580436465,-0.4123549688430992
0.6670024320293048,0.8211489441597005,1.559303984623368,2.334607512811579,-0.2156335162245072,0.33649863352705084,0.2627170468064032,1.9311427295980248,1.6603660826589548,-0.059414205674775435
-1.3356790289272844,0.5855454701482512,-0.1566410226476896,0.04418327996466998,-0.6328501256014983,0.7888258184489756,1.9963862780663675,-0.664495608803067,0.17521699512698177,0.010383886274389865
1.0518021234546258,1.2546152855042474,0.9914593563249968,-2.2783621953678797,-0.7802074912410885,-0.8853596301905057,1.450357762131423,-0.27220318207511374,1.4322104895839987,-0.14225178330480542
-0.24326427520761745,-1.612047914477426,1.5964300828635625,-0.8881406999050488,-0.24439505606053444,1.5217546065106218,0.01380310066950812,-0.9024242738717098,1.3374473470012183,0.011760539008995263
0.824023868338931,0.3503066390666165,-0.6136806072558715,0.0870987999374829,4.224741694181424,-0.2304325286409217,-0.45658090707100485,0.12970444488564808,-0.8873264614588089,0.48835626047077946
-1.7624609802560034,0.13756116506645275,-0.5111549648844972,-0.9294645026202111,0.8323596816284703,0.34268370173691737,1.2781276577860183,-0.05932862974435898,0.8382365683985363,1.1022262220144246
-0.26459425189558416,0.6337952192252245,-0.0038960385541887067,-1.1701294372977185,0.06789652339178902,-0.9569823315926932,-2.2928323136657243,-0.874102209554278,-0.15310990515319517,0.5036298454760819
0.5371839004024408,-0.6384944855513304,1.0683220107335603,1.7460457615877665,-1.6085161489490423,1.0056214014381677,1.9692084937654724,-1.273189434712086,-2.9189262551869675,-0.781813335526545
-0.3218927977720804,-0.44616302774628414,0.24579083619633632,0.7446743398999162,-0.5240641046835448,-2.1885077575564855,0.06245413356681839,-0.7182930415381988,-0.7357950876413519,0.05564282979086693
2.0928394546541105,0.11942350968811954,0.27839784846403665,0.20945683809707613,0.43080911802170613,0.3060484573886428,-0.28815299963639024,0.4685733305519528,-0.2419377048904548,-0.199301036100586
-0.4611258466693155,0.29762748416225326,-2.8179678463626776,-0.8795181860394149,0.49905657297890443,-0.7218620477097017,-1.7451655895310754,0.9908998123103134,-1.9270796251067857,1.329188551477758
0.5468937267808157,-0.7808218825683959,-1.4649887692779242,-3.212048292567467,-0.09895098165580173,0.24885216108582217,-0.7182125018363531,-0.3486453529335098,0.19252525438033694,0.6189596776261973
0.1286718051762642,0.3060081198292015,0.6474366524941528,1.4469487088301114,-0.30154656802339574,-1.3302401484526827,0.0800805430375017,0.3906724111157255,-0.08885252213553549,-1.9123031053397255
0.9045698319935606,-1.9683866258168838,0.0055719975430503135,-0.7571415264659908,-0.5973135374834396,-0.8070196272448708,-1.0306600951005702,-1.9906410838091504,-0.774020413930013,-0.9679716289038641
0.11216016984744206,1.425889034854974,1.6196578550493663,-0.27599295535546237,0.15347136367824102,-1.7053150967580981,-0.7296432292682964,1.31056034613282,1.7351668622351195,1.4997111665118164
-1.498415198593088,-0.35632612548567255,-0.5391927894664991,0.6556659569785888,0.7209790804502594,0.6444187955239641,-0.7110200539758544,0.4246196995374094,1.9651260050875416,-1.6255710243814556
4.076656411405061,1.3110987434873724,0.6162936583397947,-0.6856269732079819,-1.1874167368046256,-0.22242227324380914,-1.2393938791355836,0.6612310309031423,-0.14182117634493802,-1.8331672795581926
1.4201207116011427,-1.2852355171916092,1.4427134445621679,0.16203889717691916,3.1246295833254103,-1.1179020520392278,-0.01279107841214749,-0.6750600044428953,-0.015172161789203678,1.1611266140724061
0.20894003497720146,0.4807570613181254,0.2000801865639905,-1.308411392175982,-0.5444311959151924,-1.4127592408930427,-0.463105497384068,1.6603325122870534,0.2012429879717471,-2.5592246277802095
0.5828290962927862,0.8419304807937957,-0.6208883602708426,0.5602071916581676,-0.61799194464848,0.8729068014761207,1.4003155478498492,-1.7147800150939772,-1.0238359642087151,-1.1385046546135582
0.12392334047409974,-1.068760475029498,1.0244807446400421,-5.542698489155508,0.22717284196638457,0.6723269154002758,-0.3853347072437986,-0.7588171188123561,0.5003992064994833,-0.2782929670979241
0.09387695552733549,-0.2711295743693457,-1.9250576190864852,0.06727800805405951,0.5268603385131088,-0.3003832168758455,0.6432168302622078,0.6105334557092098,-1.0599487210438934,-0.7203547463410406
0.222212422335971,-1.7818465552232576,0.25525333296231545,1.0093947103728926,-0.29357832031674785,1.7177596174175163,0.0179061014973913,-0.1882796086981808,-0.17193225774259488,-0.6036607301652391
0.6840726424257058,-0.75419049722543,-0.4873108378657397,-1.8542606045941037,-0.09763634671987219,-1.4858932082446126,-0.08364576836402747,-2.78560395517704,0.6674780223213892,1.0036823045163674
-1.8870035053471308,0.4551200759319989,0.4261395201082535,0.8034738691967058,-0.6788719933863017,-0.18772707451750384,0.1269135964475457,0.8328496350854286,-0.8708227117521307,1.0700119928399283
-0.5644118691449922,-0.8034691905586869,-0.36058984708066105,0.3660085566034851,-0.5604052645331261,-0.4709619854429482,0.648680047737783,1.2892692107902324,1.1030351244547862,0.13462066899563066
1.142429912230557,0.6541751842776145,-1.611825887396147,0.5321585942634507,-1.091397844628783,0.46315284292856584,0.2772142071161852,1.4589475554855202,-1.0290062212237265,0.23982803765285524
1.4443800331715018,0.783965128919914,0.08467670783791179,-0.15647962365169582,0.3458313636126029,0.028240843518285035,-0.029446779620665497,3.2624494521601815,1.4969986893492306,-5.0028680650983794
0.792474780781328,1.5414761264179437,-0.7230420914106557,1.5366435539116763,-2.4530024871035585,-0.21264778479918947,-0.5559516962483854,-0.27232246250202785,-0.5907231216409843,0.402464224441557
1.2249219121582693,-1.3371691066511326,-0.3026375122741298,1.2426382693311173,-2.1308480687721008,-1.2574663864489715,-0.04293080998435774,-1.2512870405419259,0.01181446756594846,1.6506617640633219
-1.3865641308282648,-0.5605707530071681,0.49560265185794994,-0.7370760014498461,1.0035367736620966,-0.36811232579297337,0.6759060423024874,-2.6136483335911547,0.43912684065587426,-1.3156885917676322
-0.1177123966958057,-1.327154912151379,1.742458037376069,-0.07216864190329188,0.23970900019958025,-1.9381505966908317,0.6773986752416791,-0.7045134145539534,0.5092972201134726,-2.222580309794209
0.30077243684032123,0.37435718119748945,-0.13502477553571518,0.08152476104176301,-0.05681925987936984,-0.4997706223054655,2.888223771479498,2.694489073870243,-1.7030441057893593,0.8062906932941533
-0.3518113135396318,1.2532675346498279,-1.669801170842728,0.06126983443618694,-1.6054735756773746,2.0183346592504456,1.7379528493663514,0.7718111302573373,1.4115896116900977,-0.1495204655501113
-1.2806858837922863,-0.48882578914661146,-0.4801428007847104,1.8249638769449947,-0.690195207676353,-1.2923831618945443,-0.0024440469627955395,1.5689212624144115,-0.6098313275835792,1.6877324241132834
-0.30174837076106475,-2.9074158580950513,-0.1192651467689168,-0.1882310526311486,0.6207683527321973,0.28363269359453686,-1.0679934623616856,1.769493858679166,0.5404053865151401,0.3235842482384376
-0.16367084686051475,2.1054017333329362,1.1971129834604095,0.7385997557003633,-1.4905763663496376,-1.387341396365113,-0.07124241754498423,-1.3703493100607596,1.387964655075662,0.39864902837922095
3.3950127181554053,-0.09723928611199296,1.3329446471943176,2.776743614925447,-0.5305778604429011,-0.6825581460711827,1.0589775091341262,-0.5332105611261525,-0.7236477860192204,1.0609986755809435
0.7086925485250692,-0.5646261420730888,1.5362080479304332,2.3816239238345336,0.01150622668662148,-0.7932766806995686,-3.932557744962802,-3.1302121098749414,0.9581010419192939,0.0869193291819435
2.944782309229178,-0.9064908819230734,0.09225971891253416,0.11053642005443146,0.14477465797251018,-1.4442816591263732,0.4693797818418647,0.22961095840618195,0.05607147960941241,1.1864026087109811
0.5521489171749487,2.3289298799910045,1.3307239439673417,1.8358278007345143,2.1090010667708623,0.19535695563439295,-0.034308659687770984,-0.39078375153761447,-1.516774988514188,1.7579283631253846
-0.24887924862930597,0.13696718663819202,0.9806043237769022,-1.5411519484958822,-0.242044880872373,0.988880435547744,3.273465135487316,0.43163472036359996,0.7941313933159008,1.3024902520704982
-0.44222609963124176,0.04201931855245903,-0.8003127583203532,2.260692653916678,0.46986050281609104,-1.230285778097449,0.495043977885829,1.1536237402727838,1.385364923606345,0.29693146673327664
1.269067794014879,-0.25172838625135857,1.2296004422212097,1.760148475516709,0.4452561459576774,-3.0264993241621303,0.3408720186980156,-0.492747188698237,0.9447574076735179,1.4339591378254806
-0.3750158776359488,-0.10955761001532183,1.2634998911794373,1.5042256686471223,-1.3208203411008936,1.2308754896350342,-0.256893014735913,0.3735824362548818,1.1069180674231855,0.353396842142252
-0.8613469993392308,1.0457716975740798,-0.7424945131617942,1.3055743084595122,-0.41205512833426267,-0.613555705015515,0.06341748386774884,-1.1765916625555026,-0.8787654941240575,-0.6193793555721974
-0.03692716708976876,-0.7193408611867984,0.45398307681965466,0.4473021803763929,-0.7098692502021767,-0.5840856702182337,1.2353630394383122,0.5885221117583503,-0.05020572373643383,-0.698614087452107
-3.566425676963173,0.6968433485096381,0.6142683337936421,0.09032835065508334,-0.022271041684990698,-0.5741967781446977,-0.9350209891223997,0.4980562976543692,-0.3491911065380296,-2.930908056233046
-0.21655123379798055,0.7421352797788928,2.423524151206156,-0.6776549858454928,-5.141527082230772,0.3018113639291209,-1.0161794409549947,2.0647678794706645,-1.13100897986408,-0.30724289757128737
0.1282433276469241,1.7031504296136313,-0.3949952033017936,-0.764742885882191,0.15560248121603273,-0.11778197667180301,0.2809141167688174,0.022339105220871375,-0.2625280814908642,-0.6118390205073526
-1.0722961511563076,-0.4006097852033674,0.6816843885393719,-0.5048391724441722,1.727285635010702,-0.255005803247182,-0.32341700875144697,-1.1500022428203631,1.1900003720547332,-0.7510288326130932
2.2339317683810744,-0.008476514158321565,-1.0751812603723752,0.9497169034277728,-0.5296668475772988,-0.042816142045293416,-0.26569620147828743,-0.3326543248483694,-1.0243815670343221,0.061187525330352106
-1.309943278122773,0.12304559741220125,-0.3347391677317141,0.2081849434915041,-0.872973416180789,0.5420253743758469,0.08042279065788357,-0.17787525688440406,-0.6399684050270674,2.5868419760070602
-1.264602945221719,1.1033521103916897,0.48201119091846084,-0.49811817601974107,0.8735518028582949,0.537002120041029,0.10191649034699701,-1.4816873888832247,0.37582037046682787,-0.15427071543932566
1.343822628955194,1.0488481867883304,-1.4618392383930128,0.3444016522629156,-0.11335858783396008,-0.7470635920672473,1.2671944219063207,1.6268285520064778,0.6416557083616803,1.365446089072561
-0.9332258714520324,1.015418585273219,1.4669697084668065,-0.8246850690675083,-0.1951318646415171,-0.3268991282777502,3.542805268382356,-0.4416775344356343,-1.1324189092725274,1.2020363773934641
-3.2779749841621038,-0.6215001992883599,1.280801677985247,-4.0202222195497495,0.9737727126015127,-0.16234797674034007,3.5622799682165316,-1.3480942505779705,0.9056826651676392,-0.3062234958448946
0.6901401874087384,0.7821856907002104,-0.20937558034989856,1.1593057604293293,0.8368463921576177,1.1253209234274197,0.1440694429642973,-1.090922005459098,-1.0100602349485954,-0.27742884797236844
-1.6194086928839397,-2.1313466558362033,0.7485767556357558,-0.2987775616453759,-0.45397704833536034,-1.1317489789259731,-1.121367218869022,-1.2935381620875048,0.7622681240760587,-0.2312082314158274
0.0747819329289406,0.40390210968458373,1.987694209253068,-1.357462117112557,0.8869759366368922,0.051126120947430215,-1.0792158042381947,-0.3004264720749116,-1.2180988083012525,-0.16534855760991568
0.964010436035175,1.3499148261043887,0.26092394186653406,0.3402801394659918,0.11487951288767338,0.05028350955867348,0.6595427614410689,0.006477612471177395,1.105567009827922,-0.6361222156752682
0.1939812844662775,-1.2468848463684246,-0.6553906717805884,-0.7878721974973931,-0.17309435553288954,0.7714123901388719,-1.8519656237552906,0.6982196049091348,0.6739875184334485,1.4802087814380875
1.8213826602133754,-2.3137032689028203,1.2242450894129802,-0.41513386530070445,-1.728218710957474,0.7751892422209037,-0.20705606963680526,-2.603899979336705,-2.7038906290376716,0.5692437813921958
-1.0773503609711417,5.215690878796246,0.39983292419350214,-0.21546438727239595,0.9951105331549651,-1.129558952366263,-1.2660803466715322,1.8945450464488907,0.8929293036765222,1.4581686457000107
0.32843899572102186,-0.445047416679428,-0.6956458791800892,1.5535371941735063,-1.926051512545147,-0.5106176192073808,0.4855218273586406,0.9983178520517225,0.29868777708618993,0.32184759558345444
0.13105028302205463,-0.01874896791439476,0.178215060484727,-0.3106952340247976,-0.49224099644958286,-0.6184612706199251,0.6183602703664629,0.5115452316065751,2.8014284315027047,1.0780290945675348
-0.8328465921465583,-0.03657256776454462,-1.0137923512765987,-0.19722018952644277,-1.0737185401798672,0.08009915265777456,-2.1415209275898675,0.3455077088124401,-1.1289508553223715,-0.5179783123380369
-1.0363259745557165,-0.14244142281979602,-0.7360703653176132,1.9635731591845924,-0.2949492240963422,1.807321290488183,-1.5161262213392057,-0.8299020478315599,1.0125350353761589,-0.53705361711205
-0.3952579892886586,2.0412241921904553,0.2623586056736541,1.7760287143751767,0.819810642765246,-1.853926037191189,0.9851949535727947,0.991344011478171,-0.33364522543813363,-2.4765535001891923
-2.425295882552995,1.2284802549772253,1.8689793130464305,-0.4827242786249594,1.7771600011625968,-0.5402986983518822,0.7646534838263501,0.23078941764118327,0.40593604968193336,1.7202479936452424
-1.4177741576213796,1.1943015643253971,-0.28807665125451326,-0.9287942604853284,0.7219405522080969,0.4871887837288628,1.0739801960129642,-0.24239052569432387,0.4277203175833888,-0.9631639693263009
1.6773184663321516,0.5063771134359704,0.9850472708006681,-2.9037285899018914,-0.5670255526361617,-0.6672022574960011,-1.5551345556782854,-1.8148986290238613,0.37347303235763785,-1.258581400904881
2.998740828536274,-0.7876446525936959,0.8842713317827862,-1.0209412927220693,-1.467512256847898,0.5215007471599539,-3.8101443827971537,0.45996466782677164,-1.2969975703440537,0.0807252143586273
-0.4910913063170528,1.6797394536314127,1.290810689749078,-0.5034530142012442,-0.5910688616048625,0.6776083300245945,-0.166083320295119,1.2051580916218478,-0.21050852010600093,-0.9639459824607591
-1.8635765870224206,-0.5733006939330946,0.316188787517118,1.0899776965125043,0.5243051583811944,-0.8473759293496947,0.9991801933346919,0.4392270123137153,-2.4461092434809513,0.5003753509781562
-0.44661441155858955,0.8382875665070291,0.7125698907872321,-0.08661642571294854,0.30189566009645336,3.1771853560744314,-0.07921402476551058,0.46910072011058684,0.04601001926242196,-2.2707010884203456
-0.4496285894207843,0.34641789971122633,-3.2961799476427007,-0.19558307188518423,-0.4341622830246064,1.2858935184122113,-1.1265216697810436,-0.8084650026901264,0.7440998730513902,-1.2680154498301803
1.4546205016229545,0.5931868516035205,-1.428355196496195,-0.9887957853604074,-1.034389507511473,-0.6191132138462575,1.5934912647001673,-0.17448281736175744,1.2076217112360874,0.720029004907656
-0.9158456118607597,-0.47117668464779894,2.0503178641122246,-1.0301061873913118,-0.2619631711624972,1.7520022844017313,-1.2346817686731628,0.35534603935271464,-0.07021525932287329,0.2554636731935767
1.0740285746295186,0.38753073768434615,0.045950073932537826,-0.029944895186421194,0.4367990484568338,0.4746014352029505,0.7474722601921009,-3.462717548283856,0.8893983228907205,-0.5596855755214039
-0.004485716418378385,0.836455470251864,0.042213676888236726,0.7937923503558934,1.010416194028504,-1.4568363626362963,1.909409386260338,0.8239661184027045,-0.10933731387379236,-0.5546377924666086
0.9602644446856876,-1.147701044703061,-0.12643216260035517,0.04222919270868494,0.4470706974925509,-0.25839648058170106,-0.26491468194695217,0.5791170272138928,-0.9687283184861576,2.567325136023516
0.6377144186282097,1.248845220571407,-0.6070739395623687,0.02043194913014293,-2.5282760916899654,-1.5558332113792008,1.4296166685930944,1.180252634034526,1.7054090059027793,-0.7937226207668068
0.3319313004989023,0.5885671393355307,-0.3209193204830799,0.8874804800966773,0.7278605815012797,-0.3997097208829106,1.5984472319849499,0.5788102748405085,3.294191153635638,1.614079515128834
1.6402198316255567,-0.5628140284431365,1.9701681215818914,1.6269671631520792,-0.3442567244668517,-0.2781016397228301,-1.0957477531946118,0.9759784013761457,-1.0091353290632228,-0.7991626004318831
0.8342759614800417,-1.047974862699412,0.05648993847449861,-1.0130993532564863,-1.5930768929813803,-1.2623102794638006,1.3936672611663579,-0.19908301182055704,-2.159668196824378,-0.5165938428313778
-0.3341527391572413,1.5898764735321262,0.25364125529451403,-0.6106753471227084,0.28484136344056693,-0.2191943711881056,1.3534439917469083,-0.5388753675060959,0.250507314698229,-1.1301232618038062
-0.20206872252584657,1.1738472501605293,0.44901840280565775,1.0905224121791786,-0.18643986957714287,1.1306812922419311,1.149430553824487,1.8231164421618185,1.4473217560240101,1.6592526707351187
0.5980463948957346,0.3377342187829388,0.4772257050475674,-2.6638093417979327,1.539437208604917,-0.10098573697372733,-1.4428296273044532,-0.6351276372371045,0.7463217069539966,0.3112112882836227
-0.5833388104277745,-0.9511616389311609,-1.2307069271206532,-0.7519663946121465,0.6411490756102505,1.4556717338441496,-1.119091409471054,0.752165250356437,-1.4408379872453834,1.2049384927973523
0.47187380196337797,-1.7264618828084224,-0.5953533457229123,-0.06802514171413926,-1.0280689160047527,-0.9678254009820559,0.8624720660976102,-3.9023766385710963,0.35626452049443036,-1.509913841526762
-0.4024525542007007,-0.9549657922639693,1.3946913345925402,-0.7507945563042399,-1.1080944760697757,0.5150633174944321,-0.35967734228003706,0.24423181571533184,-2.472570470844237,0.9654830717914109
-0.3924295845441364,-0.5980687986333382,1.0400955290465106,-1.9545723553996348,-0.3949646029505687,0.10647110753379212,0.7888917737459076,1.2932292431270238,-0.09029163913414961,1.2040778180740037
-0.28978633136088777,0.9117836153670339,0.5938851758919416,-5.832633654353263,-0.8345192360140298,-0.8046656612390624,1.7962897590497178,1.118798608864727,0.5866498463750943,0.5514528830878478
-0.20448680680581308,-1.2804652472377918,0.24296873388624013,0.10368499395918272,-0.09949867601180841,0.9083374978514731,-0.3617599397370803,2.368314171579166,-2.802389963403584,1.0694892000565273
0.7470388467205187,-0.1862567336493085,-2.139721963563462,-1.0395942888602487,0.8264785576866158,1.06449365207824,-1.5669184925925121,0.3759743753719875,0.9866849768784921,1.3146354839743672
-1.2392526987312737,-1.2114190252286883,0.2639193208452027,-0.27818380067011733,0.05306994602625961,-0.15867365922578575,-0.9178462065404487,-0.1372168395053518,1.81857895747782,-1.5039975778145254
1.223979910364087,0.16106710786032227,0.3757099517223708,0.5870372378572638,0.23836970729129991,0.46521639763620926,1.0930808418722193,1.0276573293753866,0.09057226954748049,0.3238426064343204
-0.5762373978406291,-1.0666298645959438,0.10597546327000154,-0.7798073001529684,-0.7977621761530007,-1.2746922071609907,-0.6125532306634749,1.6363070887899096,-1.8932018002835207,-0.5957441178037691
0.12869764328893316,-0.7895526091246278,-0.5615649524081866,0.32970008692914404,-1.05572204042273,2.4895791470946356,0.8354863356598435,1.597738420639721,0.4868062226117621,0.8954928980354401
0.6375827088328969,-0.7985625990549807,-0.368872514631987,-0.5240601334724664,0.16392081200848468,-1.0114677107064602,-0.35246409741324064,-0.027180711113512716,-0.4012055647882411,-1.4466770242387468
0.43423199375160804,-2.0124185748378607,-0.4758674289693252,-0.33014949298634516,0.3014209002288815,-1.4747578090749276,-0.8612176200444173,0.06992845570536377,0.34694033857485684,-0.8328646137417345
0.03290496238456166,0.5628884474833832,0.8054078320830166,1.213206953085009,0.6488531777851106,1.3170764455272137,0.3950199904257255,0.8800695144317469,-0.4081747855479817,1.55281337026313
-0.5215551392001277,0.1832969478533266,2.8690766264257967,-1.3239908478913762,-0.9183432919057398,-0.509847614904102,-1.1823932996255075,-0.8912915254802496,0.35833749204045184,1.6072701527924074
0.5961029872861936,-1.7753532170505673,-0.1043849106691773,-0.10722172576692454,-0.8552509893514026,0.46418342520463796,0.5274495123800018,-0.45379845972176713,0.8609838136839338,-0.9011917102222605
1.845072231842968,-0.1677592862145438,-0.1476614304967033,-0.671527839321245,1.1570063983266827,0.19265420762268415,-0.02155565576363777,-0.34927510998732414,1.9960476851562992,-1.0710954578296625
0.7946244606799697,-2.597905368319749,-0.51357480883097,0.16774520112379046,-0.22471558502326797,-2.6370531592491133,0.18012135115965028,1.7103559881956016,-2.1678556059600025,-0.21570053491249944
-0.10391427172062619,1.1841052067591231,0.3808707116770353,-0.24578581768592286,0.3265496833658933,1.6841784985761215,-0.8488829276712573,-0.08396262259661401,-1.265714765837724,-1.1894146199632383
0.06844068122404576,-1.867111015663801,1.8721806113918047,-1.0642975768202632,1.0716881320367118,-0.7638513476069769,0.2509451987579897,-0.18076680129009082,-0.06290485485825967,-0.4719208912169493
-2.718107104655095,2.2908078166604797,-0.430128702650693,-0.5792850340391668,-3.441195092919357,0.8164870285068072,0.5892752049507696,0.3506516373176583,-1.0039907186534436,-0.6474420956920592
0.37181316751738824,0.04386549317396314,0.9281457225116555,-0.27638099340920075,1.2440054049942892,-1.5520481754761855,-2.2949535357218704,-1.0012551538143144,-0.5148105701716543,2.6085146002802793
-0.34661981525816243,0.22498774382128725,0.04340932574454972,1.4558513243280367,-0.4217142998799608,-1.3190130538639466,0.19327558891657085,0.36956353058693947,0.07403768018160065,-0.6088671434310355
-1.4231118104128202,-1.9696669070948694,0.44071769575742625,-1.26541082179286,0.2578685268317339,0.5544933758614362,-1.5878085271470366,0.44637076765003847,1.318010798074322,0.32815337292865315
-0.5566640979999136,0.25279888140787393,-1.2031205732722088,0.5364028573477542,-3.4710160647686186,0.5870910477537975,-2.567876589804219,-1.203092408472947,-3.720552357217594,0.042333834738581155
1.4542115256583203,-0.525395127962802,0.6640236026434734,0.19821140904817028,-2.1629754194293964,1.6568491745275808,1.010944014326801,0.36181676311765837,0.48356075425956646,1.406116395159999
-0.3522839232939231,-0.330288914443361,0.9552817801543197,-0.9498567759841401,1.1051869960090028,1.4728083952595628,0.18019713110182817,0.07729921940450662,0.2896521300897093,-0.5983537787766456
1.1501447645739695,-0.14150948010868766,1.2618466549812515,1.980065563890963,-0.371421309630768,-1.4572481871961693,0.18652757270136278,-1.1090146590770569,0.4056136869819354,-0.2989019670392281
0.7837643546668581,-1.6666320848986556,0.3988921339751709,-0.09633583218876374,0.4928696260007395,0.07827666643135166,0.41460734915174496,-0.28212032810894944,0.8671183905425948,-0.7442791426244275
1.6802821348089703,1.0885476810373658,-1.9793719701034413,1.4813780473401075,0.20698492952406553,1.9123462593906684,-1.905728189603528,0.4740693381432058,0.10033072871014709,0.07960383098538933
0.8268720655090182,2.022826584453,-0.6789478993406078,1.3793169092234603,-0.8812584697474806,2.5601095454302287,-0.7480147831966071,0.40418179589650477,0.19222912513947807,-0.2731212498734097
-0.5087120775694163,-4.795541730867117,-0.5116608362672855,0.02954766447401166,0.47308489212540095,0.6534979429691288,1.161353452658805,-1.3556364456353125,-1.0657348641087778,0.6099692797173683
-0.7217874503970984,2.564543413965803,-1.9033913302001235,0.5069329801072049,1.5656245987299193,1.2151770673776028,-0.30088879678337277,-1.0813748187768408,-1.239771534327898,-0.21532393560527358
-1.2796777941195652,0.4409950960199345,-0.7036772131582797,1.3161151005293579,1.1368992354000687,0.3514907319384794,-1.4947625392869235,-3.895460991780592,-0.430657479063342,-0.6186617340325726
0.21619091595133272,-0.23498474798550892,-1.14575091767434,2.0696470104862645,-0.032918057717654645,-1.3532788780855558,1.3241188681363039,0.9151555774119593,0.2736022956558117,-0.24568204638522895
-1.8161672597346497,6.795682588037473,0.3956145077005591,3.5247006468059783,0.7466460523754235,-0.4430467826099128,-0.28894674880993326,-0.2736706980765865,0.686699473354315,1.7044119085641891
-0.6209591003976402,1.3530219933683347,-1.0091929491998102,1.3924462554095627,0.0029985792551352392,-0.31735715902945755,0.8140968177523523,2.634284058854592,-0.35466810397276766,0.42187570883170433
0.18164633756554,0.20054221394930888,-0.44714627576076577,3.0339761517174355,-0.12494853713041028,1.561679531165668,-0.03561733826196268,-0.1533397217929109,0.33679874988054675,1.0867390216597352
-1.364035347052649,-1.0457566306118669,-0.4458960344464057,-0.3922012669821616,0.3775341519869054,0.4871491725352183,0.51386177087492,0.9219887053710502,-0.5273250134069697,-0.9139092790038391
0.1090688742231292,2.8784454155435757,1.5119956803574461,0.24861421272803,0.4422174533562842,-0.5770556197214882,0.6147071102623184,-0.9406579065002006,-0.05965506564619782,0.093382717091911
1.0540415534562535,-0.3696578563915678,0.7309655884814197,-0.07237761659203137,0.997911359373354,-1.1721907007903773,1.0591415595277056,-2.8820101085710674,0.708082515988088,-0.3519449049150387
-2.196143171760196,-1.252038288915491,-0.5080235110308278,-0.1714140213905095,1.3726825649890855,0.8518306118598282,0.5648148289980427,-0.021448953051607995,0.9475910667024209,0.9944293786778577
-1.7752149222189897,0.6833920463791598,-0.8182330874291903,-2.6678057210115145,0.17402122105608858,-0.688871744787742,0.5885843480656645,0.10541512627170498,0.394783620741234,-0.024920735231461384
-0.6000736261220412,1.0006948623228744,-0.9140365510653182,0.5933413535441506,-1.5056558894460659,-1.178717910812919,0.5607914871954518,-0.6574286913933937,2.7267653660327107,-0.5007057966532406
-1.1767288249137207,-0.7603300218713032,0.118147937789913,0.16406939757343347,1.7811369065468186,3.9710988730954435,0.22743011969888394,-0.5188588787313575,0.7779797160008747,0.4246141012147432
-3.6748806998203416,-0.7878378704955531,1.5272416851649457,0.07715608043419321,0.9541353273468242,0.0725853481546135,0.8857772729777798,0.16816198779977504,0.9696748153095284,-1.8928798548279202
0.0961891653632302,0.7687934348429026,0.22428160838136485,-0.04600564204575885,-2.5878807950912783,-5.525071504535673,-2.379800503811056,-0.2333410200133363,-1.7585847009109088,-0.13802248987409452
-2.6522924190363413,-0.09551538158445468,0.924342594055411,0.30482581278488996,0.8562008289959953,0.25448252147040845,0.10018027227688366,0.7292630079403088,2.4206859273100374,3.0699376419831808
-0.6810448831199819,-0.1429419918640632,-1.3381348828429616,-0.45725042217131984,-1.2619671751154378,0.8641083408916097,0.22306996562546288,0.9501273819562454,-1.7895915423079127,0.6089297221511117
-2.901278621520482,-0.6026020043993652,-0.4201614163245184,0.4698577857310034,-1.0387044521748254,-0.13703305702111893,1.8662745713924707,-0.36065957338719856,-0.06436490488971024,-2.3270008405161113
-0.5518122062755424,-0.7346486929748368,0.7956406873703714,-0.44887169010511996,-1.0251795391673502,0.15605195693011997,0.2795749694058356,0.610541391124289,0.7241268641258015,-0.0918189188951931
1.0055602159088703,2.223645954300909,-0.2662535674175446,1.953613645159256,0.9046255050622091,0.8782915330873987,0.21693988799123978,0.6353216748759216,-0.7471348805858585,2.5980783191631915
-0.07037471010344076,-0.84185733118106,0.1780538250585567,0.017525820907196975,-1.0931113749903103,-0.151951993367874,-0.15960442566774347,2.7975698265243327,0.0028213893344593228,0.30843657333649516
1.7620989347825817,-1.5059325034614732,-2.567002623436496,-0.2485609571629795,-0.7238630486881986,-0.06195889664881641,1.785390549905036,1.5602317894808035,-0.539012418682793,3.2518393792108378
-0.9640630016189075,0.3540828714089274,0.3341264412070169,-0.005278868221500617,-0.0673214767678339,-1.1004867746910443,-2.0225261815509494,-0.9963838268923443,0.7433875362711565,0.1994837849525315
-0.732444102930399,0.5012466716718539,-0.412862127365736,0.27777508826825315,1.7567476132719106,0.4863453122831423,-0.28426919829521746,0.2649021837735419,0.6999358828427465,0.478444635146203
0.12118993562227419,-0.3371015801904034,1.315929873468468,-1.0308135082840264,-1.0574205648738964,-1.5845968238971029,0.008097862508328722,1.9313415946608816,0.4777155351335647,-0.06358943986582152
0.5220378832072333,1.3814290047108269,0.2882118197724852,0.4684949915873999,0.3641957497372891,-1.0116223482317188,0.983088859622544,-2.2091062309031493,-0.8324276186768854,2.4520687477892924
-1.0176187494807434,0.4309544311283568,1.5654349914410917,0.13921991031208897,-0.5871409729024751,-1.7207780369137815,-0.8148500464922172,-0.38152031620800614,1.5686026514344935,-0.571875189672638
-3.826787859317988,-1.0635113308031148,0.7015765921086414,0.23338321891743022,1.4259880305808528,-1.4765087721082886,0.11618113679360363,1.3239799361787061,0.9117192654823013,2.8870295316983787
1.7297785776044954,0.3562575251788579,0.9458228852612084,0.2220502473432683,-0.055651107768709414,-2.248659223653048,-1.2669150591101297,-0.9035576533410344,0.19601541170545797,2.6739305221611716
-0.7462633774830453,-0.8714290789635333,-0.060225982293535964,0.004489391897277771,0.34924692144063724,2.4206219393053177,-4.011813540150029,-0.16300016663021064,-1.642842386078034,1.8824289319771499
2.490660340384866,1.0739397457854059,0.349104934769725,0.5955575394225316,0.05393338055412943,1.2865258833831483,-0.20421991527782335,-0.16532065427379591,0.47302416948509324,-0.5513384073035016
-1.0822285345751428,-0.38557994961001446,-0.145874254443528,-0.992909445032571,-0.9592147286951277,-2.0519642001907172,1.1734925969319785,3.2560995581658956,0.16593632710465736,0.28853045243736897
-1.1200399163594768,-0.8814131259018761,-1.085771109144947,-1.2063685380462987,-0.34809940791061,-1.2656863781183776,-0.09532025290338182,-0.5756478841579717,-0.46223678388562855,2.804366363464391
-0.6353943538208452,1.0988279031821602,4.2354365161332606,1.6304001641780639,0.013290396633074485,0.173059629082671,-0.0008238553818582334,2.4661966300716176,-1.3437742757216968,-0.4409543301045531
0.08861596668517766,0.38181741461555363,0.9780545934773369,1.980940400462318,-1.122683698050337,1.5991085629823263,0.29087409664461966,-1.0765509764990344,1.210324479210141,0.7203536247482706
-0.04134164588037505,0.19482882084161682,-1.2734148807339605,0.3894177300147368,1.2127616962756456,-2.1024309209497987,-1.2750649074293614,-1.4558455312051533,1.3596167746772538,0.9597313760125058
-1.1005563440624981,0.7462505533614169,-0.6230225987667676,-0.08210393320835846,-1.7001610943733787,-1.8530557371230563,-0.7798596153724505,1.3784716571189461,-0.8981780387699133,2.852216590275771
-1.1045965406986618,-0.8649982281198669,0.032057034935071914,0.9174616929149029,0.2819747214469843,-1.22821562900111,0.8369413131925675,1.4040660352061989,0.6182119421268368,0.03206033458177977
1.0901654966537542,1.9805349423237724,-0.1736878253363072,-0.3588251643019664,-0.042117949638276496,0.08687857173631726,-1.318835530541272,-1.2588727898394285,0.08247338645367464,-0.119827118243284
-0.3582124921199078,-0.1165290398581117,-0.6109954419214643,-1.2440268251216422,0.22914377075123674,1.0966437824321775,0.028649410305136316,0.296070485140099,-1.567749258054794,0.4893414822218262
0.4743321983256237,-1.222197449832495,-0.30096140172814545,-0.3251551266575966,1.2619075027027076,-0.2413537003240287,1.8247060366692427,-1.3613948046909754,-0.12576070257354618,-0.9141021147511904
-1.3710360829184212,-0.02602212564122083,0.3257161287214415,-0.5208139674351149,2.285237953847243,0.25132794534360225,2.77449546954243,0.2715245735615487,-0.19987433634065616,0.1374062562425659
-0.6322153622673955,-1.6200251535675891,-2.627572690271534,0.0872350816611708,0.7212588174994033,-0.44935795713500215,0.35394171539435243,1.1004416716562258,2.96310748782277,-3.1745677052917536
1.493241293490272,0.3992669152925166,-1.1357347394226742,-0.5748677459479475,1.3991677282466741,1.1980899649652021,0.22342079103557802,0.45400995936735966,1.0212823848052026,0.14070905684729665
1.2731452401445869,0.9286649704869785,-1.2584789654866513,-1.047369814087914,0.48554704769206514,0.33019430021903146,-1.1004340295339337,-1.0404588897792857,-5.479994544759014,1.1267104231644018
-0.655373262392524,-0.3813352406093254,-1.2117747538290677,0.5658995498172348,-2.048009192674481,-0.4607735989848936,-0.4284405220530202,1.1687365213543286,0.18605740767607054,-0.9120478639949664
-1.161687776147935,-0.9546112135212734,-1.3440827944904974,1.116975990706185,0.36899451076621115,0.09876191667090886,1.0057740091625103,0.06689955038375044,-3.4221263129736896,2.2746342021090773
0.30127257588563094,0.4802999201259885,0.4313868159755184,0.6992816082374836,-1.4102736664277862,0.3797106528164523,-0.8797934111908688,-0.2599376518938006,-1.079130500839553,-0.40457939726822345
-1.2916353781951875,-0.807129857274973,-0.7992593016829831,-1.4446326585187348,-0.9377628465008794,0.4831326838150462,-0.5001677543984839,0.16883116328434897,0.38363205396894673,0.32094244039998704
0.10358321604388575,-0.9446374407484459,0.5006001893907419,-0.8644422180329372,-0.5727848019225485,0.2362852146234152,-2.0307162834162327,1.0774290866637721,0.055693942192459836,-0.10747475761846653
1.4757259844273394,2.0121260294520247,0.5415600431327522,2.017576603166812,0.6027593703476151,-0.4915019808802295,-0.15922537172106638,-0.4227296946805182,1.3834551142630556,-2.7541622385752604
1.007908716052452,1.0277439855685253,-0.8460601237763622,1.734478189629302,1.1089177067136056,1.8541618754945521,0.8303615863102107,0.43090148401671696,0.2978016318523503,1.793589341603958
0.7436145877561917,0.3724742377373651,-1.213891180684516,1.2113418461944483,-0.2032006689432919,-0.6065449438362875,4.262310682653329,1.0986851628108154,0.26402896741358656,-0.4317761799703206
-2.616816793485292,1.2889024049113291,-0.610239693438351,-0.15056516902483078,-1.6190516076005572,0.10037198190078991,-0.18059631939128548,-1.2990871575619662,-1.6155333732172044,0.762613964270769
-0.633948225096316,-1.4338994403910839,-2.1703747697824936,0.11053195774547504,0.8965189773944638,-0.09116465359029638,-0.6623811857549954,1.1207238117062872,0.7495618075692229,0.6871687796738591
0.3262280957302465,0.07442035404913402,0.5562654074730369,-1.044606149673238,-2.1070476151767394,-1.9152676529579018,1.5737990070107268,0.5684511100408142,2.4706405668534877,0.2038172779998784
4.50379814599747,1.9141362367634254,1.4873381466663091,0.819277259542371,0.8667259725665292,0.25983055677795996,1.0816207443314843,1.2136319290401396,0.6017772609865026,1.3493924381214755
-0.9174291424463705,-1.2737630952422474,-0.1445902579224038,-0.585343292021092,-0.07020075373156744,3.109503772571882,0.4098009571300228,-0.35461539001472675,0.38409738117351655,-0.2227211232112278
0.49174447668876525,1.2757087687951467,-0.3002949560720218,-0.2296256699410459,0.4228344200829099,-0.5200112201398398,-0.9500106819725016,-0.4003330285543525,0.0647467503377672,-1.0537033186854108
-0.05446546943712818,-0.7919546359022033,-1.4952966128057874,-0.6397380259387947,-1.3795614722188718,-1.7176247565425744,-0.5321089936723951,-0.40881320160137474,0.8421074639141382,0.549134822312517
0.8485021584517461,0.38630764553740926,1.280566315325554,-1.3494253996206675,-0.1107764196072238,-0.6009960114325062,-0.14675990917432255,-0.07946377637856984,0.8671123032236282,-1.0647693298933556
-1.73031374163581,-3.503379193186537,-0.4859247100935279,1.6790030416172876,-0.37175613508864935,-0.2566170371394101,-1.8116748975933001,-4.467109346054758,0.10805429523257258,-1.2698192393971133
2.9487662492678317,1.06478819041178,1.7582210157116023,0.1978412423870316,0.1328600667712736,-1.0670192161703351,-1.8645854562261237,-0.8886239538955505,-0.41128188623193324,-0.8751865290243217
-0.420427289610902,0.31732119326978037,-1.4858028334886515,-1.0712269282537374,0.13211583793508913,-0.7421670494935078,-0.08875954352424156,0.46932433525764217,1.7358952416608437,-0.41316150900130094
0.07692464432376946,-0.7189660582796837,0.7319068678864665,0.23275793728218183,0.938388280919237,-0.560732267044758,-1.3165620606228197,-0.8508907455036245,-0.7595219993165166,-0.5388805118257797
0.13971887063049881,1.3344667523546367,0.9867713539654253,0.6440099031965367,0.7516178690674981,0.8679365815316543,1.3190059939836953,-0.7014738654250804,0.043947721875860365,0.016293459964384884
-0.32266901373468243,1.680260382401575,0.35243255396432394,1.2806743695813299,-0.35441474261282196,0.5325395337681378,-1.3550774078913208,-1.5944773646129973,-0.5222877814499257,-0.14551998896748486
0.6597224433519253,0.3181795357310392,-0.29613252041510046,-0.3220467378919514,0.06094385242804825,-0.9800606810480256,-1.183189447098491,2.5071074985972737,0.17782269148866,-1.150959625129352
0.9790193159266297,-0.2601878774638375,1.1396028121512167,1.3433882336463125,-0.9736877902522606,0.46490077039364325,-2.4391854204162438,-0.8173080298080093,0.006219261091969036,3.997394300800547
-2.1827603750857256,1.0413744327260681,0.8704171151324851,-0.3981753909311524,0.40333772349662345,-1.533063888189327,-0.8155185634024427,0.3725149409081901,-0.1800403445344984,-0.8417511851796137
-0.4235739646254834,0.3032704874294168,-0.7532857066246624,-0.8184128873100168,0.16209727397833898,-0.14265853122283054,0.7484026463871645,1.5288458020078584,0.8274582436006409,-0.2751412537957097
-0.6419551614867385,0.3228340182945039,1.3572685119945778,-0.013129811418705076,-1.6606248219981659,-0.7743300673371415,-0.3820194977250573,-0.9122213924244218,-0.14952147412051078,0.42305953870538177
0.15983866109333017,-0.4179441674268522,0.9240358884883556,0.05895842200195562,0.025332928777580095,-0.4202611410057465,-0.3348760285913687,-0.5138621322037187,0.5432394942586025,-1.6063215567454625
0.34592808836948774,-0.4511307540822341,-2.7567226557940665,2.6957463915734725,-1.6465833496105755,-0.7898948062617998,-1.2262174910828076,-0.6152791481456158,-0.7512558093056279,-4.3711718623022655
-0.7100309279869561,-3.6701557433091283,-1.9047695410908467,0.03212497038151838,0.39640041566230283,0.9758096247828488,0.4120860104281508,0.6791353351571492,-0.9098856542269813,-0.544184533644435
0.40435857266833014,-1.4845437498095124,-1.0614721265036253,0.32102221478538995,0.494696012357225,-0.9657958735800243,-1.171428927199344,1.1020638266758882,2.1621140699475396,0.9926564349292897
0.8610568808124969,0.49448424892093246,-2.9325228184287138,-0.17470000325701593,0.7247104486589092,-2.904597972111582,-0.24836429369909177,0.5330497995325835,0.049280325368369446,0.9798442527298592
0.674719193356347,0.12942823345136203,-0.02443226801441395,-0.3321893986330052,1.0681402827573925,-0.5509279390189481,-0.3975192279870932,-1.01510498301674,-0.15610825574473847,-1.9495156986132787
1.6523097065033152,0.5229264512991904,-0.6568627561268077,1.260238242687441,0.6942376503328709,0.7459250372215555,-0.12160484755904363,0.5479787660790728,0.19974419823773104,0.9092453649402235
1.8539990780136213,-0.26752652373004154,0.4080163110905301,0.005171573430167827,-0.7301531846138903,0.2066313541261853,1.9364680970690178,-1.60043702922001,-1.0330856584005266,8.81051990381333
1.0199887624120962,-0.7930838070586472,-0.5188250475966351,-0.8855153153572353,0.19594532775838275,-0.5802768290575134,-1.0529478254711169,0.11297898913990126,-0.4035402029924282,1.5702716448901686
-0.4189919839095662,0.79531384597139,0.10189278034469781,2.2129510159738834,1.3629314033216324,-0.15288799822961993,0.7407649135352055,-0.05106699578291898,0.7751274222319032,1.550358949378399
-0.5728508952671267,-0.5087742936375292,-0.24024167628409374,0.5172875399464244,-0.9997043435493449,-0.39139604723855864,1.9704549572215428,0.09182462578293657,0.10815037551988829,-0.07050749354364462
1.01620741771744,1.8567108865908584,-0.4654382593881914,1.9074860538346332,-0.7002650047110712,0.14086078831836701,0.4086638101539121,-0.91994919004402,-0.01043475989883078,0.8309054759446547
-0.3340453131046829,-2.241802846863967,-0.5873891408582196,0.1523307208320131,0.3343413835362253,-1.4772261130524125,-0.9781812853534139,-4.268830009393613,-1.1118690042855761,-0.27488014037904746
0.22928491379789703,3.5767635420964856,-1.6199999912776182,-1.7357010282966863,-0.7876614406478482,2.3961826479998543,0.8034189718760882,-1.3417253998596952,0.2500237407974981,0.09033800145361083
1.5995032995877838,1.3267008038633559,0.2712853857332132,2.413546710523016,1.0582908263453,-0.7335266292229111,-0.16798049299717066,-0.4964972867196441,-0.6190019779234476,-0.005343225277861688
0.4208889618468082,-0.9141458087091873,-1.2404678629226318,0.33775842314456533,-0.21597094234423667,-0.7079725777146748,1.0329571888653364,-0.13201431351519866,-1.8346090134924973,-1.1326189690627868
0.23536788273741546,-1.3707795193368515,1.9278966898314776,0.28620543772716134,0.17294919963023767,-0.04568474502529414,0.12417518878856545,-0.6351545085539264,-0.9127347221618985,2.475660464755246
0.20109290821653514,0.9144181345192002,-2.2684208742770595,-1.0722700390456528,1.5832105383536532,0.06266281117898248,-0.5104395224771225,0.6826675457233563,-1.4084215698203295,1.6416802188315276
0.18016631760393778,-0.46436770754807943,1.082321343643558,-0.7960050677537216,0.8867586876120854,-0.41055423643095873,1.9490771041055213,0.9950428345184241,0.43814904619576067,-0.03192606982931148
0.6523486296008311,-0.05528185561074324,0.3181934374904148,-0.14367898336641466,1.6015024276533074,0.16231548806648122,-2.1941140529779313,0.44889632812985786,1.0345675394310074,-0.23358182511058123
-1.5262883705089871,0.20697361918401375,-1.4799440469432514,-0.6663992341131623,-0.47154144771839995,-1.4514363430925572,0.7879288237215705,0.15117700000917608,-0.02905752895259171,0.5619859118683398
0.890831917882294,0.5193021768442808,-0.46583338576842914,-4.307606981205901,-1.43988858047883,0.2837441314406499,-1.942296746359682,1.3967540880405807,-0.3516799307292508,0.297352322077328
2.4419605019486186,2.354305769704064,2.5102748074739965,-2.845513159789098,-0.19188232459993604,-0.8813840132666132,1.0174927712172175,0.8056291485845845,1.5639727300784227,0.20318702751630124
0.15875303188957768,-0.4191104448823527,-1.0486979740746252,-0.010771254240777182,0.5881974588743185,1.3925708713501967,0.2397332282806763,-0.4873575208764281,-0.9095082579345886,0.6591161660276222
0.07023560675992417,0.9240024411642076,0.4225403284318703,1.0038578605438238,0.7124562128211399,-0.6234931370102766,1.2126552635064536,0.6436012630447074,-0.7764434234956806,0.3362496177109093
-0.00971055336607516,-0.787987443725547,0.5366580710105897,0.39250013393495337,0.18452824277666383,0.8647278979268647,1.3575477042684614,0.5111883120222941,-3.211324263076728,2.270885632007126
-1.0438352635468868,1.5447508753487502,-0.23225864542424374,-0.7756927992183127,-0.08860909658670287,-0.4643833057050501,-1.3297548749876376,1.5517054989726748,1.1400940098601937,-0.4269249053672087
1.2835544220604473,-0.7033549276904468,-2.2765533706988874,-0.6069180758272121,-0.16620142474641852,-0.28984183842775546,0.22446513127174392,-0.12069856755300093,1.1310743939186745,2.27299694972388
0.035894926986033505,-0.28150839098751973,-2.699693292708382,0.7218392000028968,0.5127876907421565,-3.018205731547082,0.07345099152599806,-2.1514201772956216,0.7698300589508927,2.2121964232092215
0.5717671345727465,-0.4964239135240214,0.37773972957343316,-1.5573285886758512,-0.540131599844154,-0.09420458909869696,1.0917095786005255,0.5062059224820973,0.02466782147380984,0.2644495501377824
0.12561789176186994,1.310224015990507,0.02058025276526948,-0.9555126160126548,-0.06058837828570534,0.16355300194524644,0.09660669326654059,0.8604561448758121,-0.06456907420459174,1.560718979932876
-0.1315563723294379,-1.974607879997697,-1.8397537201475405,0.6231864363389883,0.28191430337634327,-1.4647291919063616,0.8749996470094187,1.1548400184549046,-0.7635900273873222,-0.04134782443622945
-2.097398016939369,0.20081482318332658,-0.532425639693192,-0.5592274026756081,0.15950730235230867,1.2611185888742058,1.9952860256705698,0.17931291971550387,0.5314462611384073,-0.3935423071898201
0.6185753018285464,-1.8338970739797438,-0.9814242883249911,-0.5486613382436059,0.8999467928214565,1.523240975795835,1.736072680514058,-0.7097421294343372,0.8716529503118517,0.6982000351360182
2.2500168176888233,-2.880760120934592,3.253636219586523,0.3751404077485946,0.8972049968839615,0.6008446061336796,0.6513659228416495,0.5974827372578143,0.6167424738235909,0.009019465527854882
0.40321308663821814,-0.6401841956439981,-0.011206230063984754,0.03763491698533617,-0.4673925693534519,0.17358489430452143,1.8379818207685625,-2.202442358013536,1.134387432665038,-0.2722443543167277
0.6756972784721422,1.1945107116078593,1.1102174308411932,-0.7517178226373169,0.3678224516666431,0.00433226847731732,1.80391347873891,-1.9784346937151829,1.9701057152710482,3.539339632105651
0.6843262271033473,1.083060575337644,-2.357589705239771,3.4812878460000265,-0.8635265121622382,1.1576924766942809,-0.24357376610813242,-0.1443418134613548,1.505749678039152,-2.1663837503082104
-0.15179993561583305,-0.9899526030955218,-0.08868194391294443,-0.8275499169557404,-1.800851790618165,-1.9413369739052053,0.9246754717431699,-0.04779901209538068,-0.5595286282283564,-1.1541340546389682
0.2255236450700839,1.69039462865285,-0.045177944379247985,1.0679645745031583,0.8714012456699115,-0.4673836602920916,0.5144113877782092,0.3245804980101363,-0.16650742021810339,0.15806507406021347
-0.052460120077727934,-0.26430027963312935,-0.9637026974795478,0.5474568794492338,-1.4512399779112497,-0.12254659717545033,-0.5684637923731924,0.3741005297812083,-0.029802916396558476,-0.12357784894721487
0.9668977509502443,-1.6301041270324461,0.9924984677258232,-0.7399642906477167,0.41127811217085675,-0.40854634372372406,-1.064871837437286,-1.328054092303163,-0.012701693362658948,-1.584850424159308
-1.5234136536184084,-0.893654057110314,0.7113775871164041,-0.2599411481163694,-2.2359695962004205,-0.7193515216227858,-1.7336977786421102,0.5172160400629612,-0.6661062291691573,1.9814214132007477
-0.2997957012697726,0.641534918403158,0.9978018848740193,1.8549316296539056,0.2352771299533461,-0.19450390194112058,0.1773026029561169,-0.41490220162246966,-2.376243691132912,0.6127380870428273
-0.2831747986609627,0.1433176676076058,-0.8555071097274577,0.8207743277940301,-2.31313227927865,0.726221423979037,0.06520403698065086,0.515146028096457,0.5580971997485789,0.48284896887695317
0.24995328462756206,0.717696814846596,3.19084005534048,1.7317445151085935,0.84323679602502,-3.0537635012141204,2.4809342460460253,-0.27845306561463584,0.1152629361315329,-1.6642307529471314
-0.894808107080115,0.7032398863424589,0.023702152439606307,0.7608987122229476,-1.359559657806456,-0.3014562087046227,0.744569252465257,-1.9117100100716207,1.2600385332423005,-1.1557723176099832
-0.8064639417841657,-0.7987928679314361,-0.21192279209371417,-1.7836407085465902,-0.08430080542298052,0.0174464528912997,0.3250252870804461,-0.41201111887564096,-0.5817370856448746,-0.9256347749028566
1.2162851655068325,-0.541753808783603,1.384139765468312,-0.25926836894520977,1.0147214378290597,-0.9357436682700251,2.532326487395581,0.9683476464064765,0.8876243224965349,-1.6762345700815697
0.8122896546669,1.9208687201549417,1.205369026880207,-2.223497682389811,-0.3810386228106209,-1.0212934415487456,0.8549193539172767,0.008933014693470897,-0.13740587215868058,1.6831842049105086
0.545857272400074,-0.20850359043233133,-1.3272791419237178,0.24065323293112295,-0.3991841101222383,-1.2599443960682188,-0.5257424030789611,0.87476344810198,-0.34540640747179113,-0.5400782350513134
-0.9655986188513248,-2.310556311003439,-0.28056626572147075,-0.48869243458696504,-0.5636987849870924,1.221498967264587,-0.08917704921984208,2.4210419161228534,0.31095425583888703,-1.0855211745029498
-0.03827203318885328,-2.2152345439579184,-0.42474491815860865,0.7614214035307842,-0.5160626221876472,-0.8977785252353807,2.4479540266964745,0.5239426803275402,-1.93543936650006,-0.6724322034214741
-0.8342840803305499,1.0176855800830227,1.0003764799928228,2.698297357495828,0.38881183533193986,-1.125244088022338,3.1196684502642884,-0.20584566298263232,2.18031543736165,1.0998939159437702
-0.4098383854004781,0.866836298511007,-0.11854164941501012,-0.6130833421644657,-0.5789376826584136,0.49512733181221436,-1.367727340625278,1.1664014946582217,1.346698377557274,0.9730732591806505
-2.961093375039623,0.7675372367862677,0.4949452107129088,0.337862318308866,-0.7450390018792258,-0.14925339422247585,0.6079245359445005,1.2558194231858,0.3838040378849503,-1.1632674551141935
0.5898228341285426,0.6590899883674193,-0.42295484344638345,-0.9234425030639327,0.017854155882885348,0.13540362445386664,-0.5616100383828443,-0.3245086765914912,-0.9522001529438536,0.5825554127193173
-3.0106322193828006,-0.2101984856490618,-1.3180601894738802,-0.7666136672163139,0.7530071033562301,2.275513718523021,-0.3635437161322095,0.6750183646074703,-1.4330723408617752,-0.6851436822407933
0.06890077790595422,0.4381093669186966,1.2526340625774695,-2.963564469183411,-0.7529083543252663,1.0011200825144095,1.7001817080736494,0.7168465361998679,0.5694711224960113,0.30790387505808225
0.5396502030398806,-0.5100897361524177,0.8855997894415418,0.032309982921234104,0.6189976812844855,1.1011373348897455,-0.06784921594076468,-1.0299014214369542,-1.3559676284393916,-1.1615290292898792
1.7109963630359881,1.104260631853832,-1.1696924001234672,-2.71728346956874,-0.29741625351575796,-0.8978122923410724,0.2243141371571169,0.5206021187781951,-4.695220710299255,-0.2350714107828594
-0.605906059789054,-0.404694485160254,-1.2640300682872954,-0.07141766572813232,-0.4081267883820186,0.167837928996475,0.5977758883604941,-0.3652291449191355,1.1355920240841173,-0.6206718173101695
-0.8776910679230938,0.32748824077248756,-1.2968978292744586,-0.1561632933012799,-0.26404625231431905,1.8209476856538676,-0.632692627835164,-0.9875943871080398,-0.06137503499224019,0.2748608071204634
-1.1684695963563085,-0.4181168810302606,-1.3977216512094117,1.812882103388734,1.5518484223231763,0.23785511712770224,0.48550501925225387,-1.408464277732529,1.0309410082430568,-0.42944119685345516
-1.0434025980901074,-0.19242337162362927,-0.11444163096843259,-1.6825396462841227,-0.4695393829221344,0.28670427487321937,-0.8464573084388495,-0.6872565774650701,-0.6482941481551251,1.5183105842857163
0.3859336758935695,-0.7497827138440899,-0.24640796697558748,-0.7426242056325421,0.30050934881215124,-0.737083211094313,-0.3039968858343123,-0.20993557621349998,2.0290197019550322,-1.7952319008200721
-0.3104550833541067,-0.37379817549549216,-0.23353033415188976,1.7653687406674337,0.8914050218598485,0.9653083507701987,-0.1786922779152337,0.33547057006395165,-1.975154768063946,0.6808189458561857
-0.09292284185139552,-0.3248585104378578,0.8303920319135697,0.9632926120028192,0.40491192898540124,-1.0495115925526626,0.0041100142753957535,0.8402824490548002,-1.0160140036767296,-0.14253744209759048
-0.5042862655453969,-0.6149329972659232,0.09242891461758797,-0.16466023741341354,1.3568445425989946,0.6087545921215072,1.5211490684770475,1.418108151323968,1.0643551181672424,-1.2818533226833748
-0.11667657554647631,1.2998843884290978,1.7310247215035994,-2.4780194775574764,1.3930622646351605,-1.10208387008164,-0.03005077758008854,0.8782701245276531,0.0804243675524177,-0.25059439843997044
-0.8982061112267573,-1.2490187411804068,0.07442696060197573,-0.7452800546829164,0.533517553586855,1.164583261584231,1.9653917612924316,-0.8380765670303578,-3.2288824794399096,6.421681653630996
-0.34373701751024804,1.236894210698573,3.01118309715677,2.2119240975096566,0.9074277139259764,-0.3340216522295439,-2.2751908291181793,0.14147788240630563,-1.2547309877782242,-2.3386570864055924
-1.5108157564322944,1.3730431301576453,0.12605605405498138,0.25918090096325874,-1.688863338028352,1.4612810171641346,-1.1745009146720071,-0.15130406888789524,-0.12144116818050474,0.09177443226973106
-2.4902917490078043,0.036393899868329596,2.1726631768029994,-1.2286664259601077,-0.16250079561722341,0.4285197887097405,-2.4208752573721086,-2.6137061373168313,-0.17348885388774266,1.1342054681348792
0.2562690548801441,0.8207712626843571,0.304819585888722,0.28464293701567833,1.0600869475086672,1.0834033472310194,-1.2491513909672884,0.7481018781772841,0.5256205341786114,-0.7473742598489548
2.679176465685332,-0.23899231382583833,-0.21492857107618352,-1.5621998510111257,0.027372614425729695,1.3144392689206363,-0.2900709733637583,1.258521747586486,-0.11374796656637906,-1.5191305031581677
-2.35752225540018,0.36924505691084025,-1.0016826307037199,-1.4481909860902626,0.2656069732441188,0.898244268766158,0.6747290782563721,-0.7319489623350192,0.3569707732226812,0.8497444071570309
-0.14332655687914897,0.5862639292630519,-0.6247555792664035,-0.5841210679471618,1.4051023221751278,0.3422982353990696,0.7833101545319161,-1.9635014728043052,-0.23516430048490597,1.6322093021296302
-0.8114365744197564,2.454067701789409,0.2696378853265778,-0.6215775404315309,-0.5563726843346324,-2.115265807825934,0.666028714178966,0.8766719275099074,0.3501513764277591,1.718242482896149
1.9333533465234434,-0.5024408694833643,0.5541759893877573,-1.0773653747193621,0.449177973539688,-0.8510385589464524,0.1649061888539195,0.2043221114077911,2.2222447561633536,1.113432261852694
0.755048069351185,0.10522690653074547,2.99924009004808,0.08428319473206003,1.5972428272531145,0.2811986030393641,0.06183347949906777,0.7159972428102218,1.2183418615921773,-0.6703009425288686
0.737732573472233,-0.6340766867287375,2.3215043567607414,0.20159711148805243,-0.7265064409846972,0.3569424798816598,-1.4753355240282644,-0.31708954804726647,0.32569758159224377,-1.9442421864852104
-1.7473095490838895,1.0473538514632883,1.3431350570092682,-0.7678428116996472,-1.4456301996549632,0.8560871607545941,0.8639181274589935,-0.47241318976279006,-0.5328613802240881,-1.0285005087229158
-0.4782728545946752,0.08567784162352052,0.1947887972350972,0.5948864427142403,0.21607718377486912,0.28908217515633633,0.7950207924541077,-3.332094297193703,0.3807327982816373,2.033870260631439
1.517927330674454,-0.4459698454133982,-0.33755990745596953,-1.5411549991541746,0.5492310421596239,1.8072542367102788,-1.1742693488973026,-2.6331952892483654,0.3056982033714077,-0.12010425960928889
-1.433257644493054,-1.0209712967248212,-0.19645377585187032,0.3352169548309638,-0.4979130994065178,-0.7908447269801179,-0.5625504741672851,0.12778684938194784,0.10661923354041729,0.01028788619685489
0.07299420559903265,-1.3157508023233406,1.9343951417350072,-2.8415404729135987,-1.3789951107200684,-1.0431823913292648,0.84405312981561,-1.440178775406044,-0.7838399869972537,3.1233690150906606
-0.46602641813974566,0.6625048507043502,-0.2505116311340913,-0.21835754843305835,-1.7014194175416502,-0.365173664341415,0.02368341310073755,-0.6889171145591311,-0.9898358589417386,1.0644303514734637
-0.4527919443482005,5.112159580573793,0.24094583101679598,0.16636698125593505,-1.1707497180657895,0.6126828318182533,-0.33115841056974393,-0.03429815399936887,-0.4180209191647281,0.2755433909326206
0.315754403057458,0.20675424287001895,2.61297595674704,0.18807821041138797,1.003879105218648,2.0531864667943016,-0.42558597332870085,-0.8564915058816619,0.46281179003498824,1.8317749995439627
0.9385501423682379,1.9127831420748966,1.7951167531873506,-0.6746840641695429,-0.5945760471943454,-2.076037744042265,0.8582205059828546,0.8112500057110028,0.9376172318532082,-0.8888723489012677
-0.914587680491808,-0.9866872280626403,-1.8321531789635455,0.20058934165114847,0.8729123494032413,0.21608465457438697,-4.4247179256674825,-0.4518855317429972,-0.06090145953277054,0.9020600518597158
0.05409919177540685,-0.8667532004575841,-0.5984117655957369,0.30729061066295554,0.060299729886971284,-2.6155053773812895,-0.3919333471272855,-0.4028741819469685,0.43469946581247154,0.7389218064754755
1.2892138109317581,0.052966392815139304,-0.07319158819231207,0.12034733349406639,0.6536978283554123,-3.487503978386358,-0.72566298882687,-1.3300067351974265,-0.5865005350164906,-0.5586532728396587
0.39155170444689597,-1.5715880834135836,0.6424456275189253,0.6970005553084895,1.2594060882949398,0.5026117257842354,-0.8745811053259882,-1.360711169975435,-2.3316709914429854,-0.4005728162356569
-0.5929442511579722,0.10469588016386373,-0.2412915114001616,-0.7668126475217,-1.7355174917817855,-1.8317654177120029,2.212812252710734,-0.672900059812912,0.2501225314498038,0.1661593042459829
0.46206273703538664,-0.46763479804918195,1.5134719877672298,0.135526491598022,-0.5392022814080432,-1.675285809718053,0.46060313428636634,0.37219556283021876,-0.8590569892420811,0.7234356020571108
0.056674803274171674,-0.5467399190070618,0.1564502372643701,-0.5923530144222988,-0.6283875091642456,0.887727536240536,-0.4245763454662296,-1.0076335683096542,0.5115071009343638,-1.527205468485004
-0.07895328139326843,-0.7478339573136257,-1.7250450964452362,-1.4380786050697765,-1.606337182708348,-0.222144854516452,-0.7060021650187595,0.09182487581286447,0.025421384879893847,-2.812012603222141
-1.672728275394679,-1.3329046568238847,-0.9864493724000418,-0.841526823260813,-0.32090260322166214,-1.1069453065854495,-1.634792969317531,0.83042595660603,-1.0651664916646917,-1.156369744843826
-1.5399747926797889,-1.3929836068547479,2.1480390179196265,-1.1937282050823665,0.5504280118907088,0.10440921536535247,1.7676319722180238,0.1762447414118705,0.2726644222988126,1.003487402034233
0.33460767368997135,0.2508110941136296,1.8148629818278144,1.0547346497112806,0.3204980299528618,4.03941114785617,-0.34675434314990944,1.012995738927656,0.8308744114630409,-0.9899949925006483
-0.45639944684914124,-1.3937336574683525,2.6464113184969693,-0.7311048221628319,-0.09435150157048881,2.1752404956245517,-1.722053813757518,0.9458955486378047,-0.3217995232705771,-0.7578741333064128
-2.2571082823795443,-0.2545267646901907,-1.275267497285332,-0.3222493478915661,1.1778969135416872,0.5089430267051769,-0.16555447376478852,-1.3595161176053352,-5.0862108725365,1.158898828359071
-0.1838076184331145,0.2521195971279101,1.0038686820933573,-0.08339564830868502,-1.058048472242369,-1.704632885919829,-1.2740080509157568,-2.0797379290602476,0.16610698926463605,0.16798201108005753
-1.6122722725190124,-0.7501032725970158,1.4623155510291739,-0.6179784120069564,-1.1874234003106674,-0.11625308643021681,2.3395073206698163,3.7955886316573655,2.8113733676644443,-1.0680452219533965
1.7698594143708066,0.09522910268253769,-0.210240206801408,0.5466419051881678,0.6161911747162457,-2.667090779580729,-1.627470726054759,-2.0028277229168614,1.257254165903506,0.4445225945291962
-0.4451420984972227,-1.870741471953017,0.2964111475675847,0.1231755342928311,0.3694245610034928,-0.21195185942567027,0.5229729377014185,0.13517104854279374,2.2519556398153,-0.7168806838936829
-0.4406514380930264,1.6055364885333507,-0.3401423731521613,-0.12263179032224202,-0.7522150735942641,-1.0214850531374535,-0.9901871134488265,1.202145594244526,0.11298892175892074,0.11227742801145602
0.6262236170019113,-0.4593935296470557,-1.0251803876514085,0.7452813192869626,-0.44952549915393347,-0.674563092132835,1.0777762927633854,-0.6279711511211141,0.8920827876188924,0.38154437263019203
0.4676921835430991,-0.2403969324685671,-0.3120442307862739,-0.5467941050513644,1.6575245262349458,-1.169862246101624,-0.4018243742569801,-0.7610184089642124,-2.9940821031629783,-0.11594875169987533
-0.5371323646711256,-0.716164809187939,-0.9362107198190278,2.0838064712712185,1.574706017385559,-1.7878088370964702,-0.5176587506909605,-0.5271527656070344,-2.2969981765214773,0.3443583584253416
-2.4915879445607767,0.07929053939725701,-0.3274580444386526,1.0115806779628462,-0.19338449964906607,-0.0688193850663817,-1.179102204501756,-3.3879163020928695,0.3597005288942965,-0.24854343186804714
0.10527423860817187,-4.3298429519312185,0.39555131427018003,0.9170895945105422,-0.17525124689948957,-0.32129146857103674,2.5760648458019215,-0.7633745824800529,-0.40794135733540254,-0.5275117578089642
1.0868801171478524,1.036850281568681,1.4815902283401248,3.734019166482198,-2.74519961816435,0.5624131885821432,-0.4409874844377563,-0.9828422327095833,0.8523654771719951,0.8612120999574875
-0.7998039439055376,-0.3296436349270615,-0.03255833609814466,-0.8182715291748264,0.4639547803119388,-1.5530774893090895,0.3785790795113139,0.2793927340159647,2.5405935862281446,-0.0203505058170472
1.2159109442197469,-0.2769513956052365,0.7789968851750251,0.27280201836705836,1.0418968080470792,-1.1470502164868586,-2.6845851901157736,-1.1070543094189682,0.3067428088745734,-0.4723351914348738
-0.5841693345555712,0.3457673277699903,-0.1830148174497814,-0.4857426920010528,-1.3248503302941497,0.11463979266183524,0.18590483678324327,-0.09278102749177336,0.4380308662954327,-0.9201700563564555
-0.9869187637139987,1.4146243073887577,-2.066546046855064,-3.2163959002708276,1.2116705808326087,-2.521376986001349,0.9482465842359669,-1.0008361536367336,-0.23149045697247606,-0.1530602584972528
1.6712033753661508,-1.7251949564667057,1.4054803915477356,-0.3352996839326545,-0.21571428434628664,0.4284428723187361,1.1968425194076207,-0.5295971295708277,1.1748813088660244,1.1162406098510664
-1.5303887164175116,0.13499334895574502,-0.07203371515222097,-2.9650902847971614,1.9146031133259647,0.9302558678432792,-0.8092239380941285,-1.885209690665342,-0.5695829931699595,0.32500590150334796
-0.03729732571539056,-0.7088373101185181,-0.953456887525616,-1.1046136094283974,0.25362309277857764,0.6665964258198995,0.13562153862285242,-1.5022153476395153,0.31257527804124025,0.7180033930101232
-3.009766455951165,0.41237189690303494,0.5894040318893029,2.5389989417929506,0.264036357351431,-0.091187904756013,-1.652635752355184,-2.9288629348756094,1.1561228284344094,2.7830127253660737
1.8840480271940434,0.6942201160398009,0.30396360797332667,-0.36038371600848285,0.6749643898770544,-0.08760028284402357,4.099436855121039,-0.09645052362222374,-2.2475736927577357,0.3359267176551378
-0.5868959472614351,0.6579797348534673,0.05423629630844731,1.139124619552201,0.9600998396792088,-1.724686010585511,0.3033407710323137,-0.05277493413886621,0.4101433808116156,0.61602938988124
1.1931920887950571,-0.4146741175632143,0.23343404953519215,-1.3805482595599823,1.8495897512823274,1.6537908022870231,-1.1827657051272447,0.10678889192683565,2.1423361610693727,-0.08580936719221445
-0.03788902087073792,-2.4353919466391356,0.8826233335952034,-0.7274889808055869,0.17323974106522402,0.36922961226251966,-0.3496952677760898,-0.27766411352315373,-1.4754673039360002,0.4192358294953125
1.056502476217027,-0.04815745618891149,-0.46077654340310575,0.36687547190929287,1.1801223624710693,1.1940752924412539,-0.2359499281942925,-0.44318294097823213,-2.3418302608349393,1.1028412397297782
0.15818573675599334,0.058467164301032944,-4.254474515808971,0.23588302212327752,0.008807529290294904,-1.0883503085455,0.18852349590757025,0.6102472038869162,1.1933434626016144,1.2827541755601242
0.29461275049201124,1.7515237104865444,-0.0072974078051374685,-0.07319511687075818,-0.1788760476090994,-0.49646070355526406,1.3221460265327891,-0.5748380371426207,0.15045185191117208,-0.18135250079149715
0.29252671356880394,-0.3776686962745681,-0.9714229796465733,-0.9366159863562112,-0.3082595531185009,-0.10941748109027333,-2.4790212624240007,-1.7189198948520983,0.09891294411244726,-1.737173800147148
-2.294749709248319,-0.56851887664757,1.6723913626921454,-3.0377045758533043,-3.087867116594286,-0.36875859762016505,1.3990973511803273,0.34196946356527297,-2.102699039731446,-1.518110655614162
-0.9514375466550579,-0.6722303668634521,-0.26285723207496375,1.5068771479519847,0.8484315197197535,-2.5156558830353393,1.3571541440490154,-0.7924678265029412,-0.40089130874978024,-1.168986558100739
0.20047846289257074,0.9534859988753802,0.7035192912905514,0.19847016902472042,-0.8504101382688758,0.33657189944204996,-0.03097330800110801,1.5142647669244425,1.1738550556664804,0.3479699120060648
-0.7800346113335008,1.4023160651898052,-0.5969462747296405,-1.2013195967888541,1.6631694836393651,-0.05608616045423662,-0.240249942501497,1.3140730088958286,-0.34876970867346635,-1.2709206470311658
0.11933351349661032,1.2949015784420994,-0.2750809215532791,-0.3741477824024394,0.21153884995305497,-0.29563623781667897,0.9369076472977381,-0.9383243709865705,0.5477992785370698,-0.9759362403245893
-3.0915976722688883,0.7869809417961465,0.37845797785313323,0.2627413930964183,0.23767777209155172,0.10171965744355138,0.41629749852755565,-0.14190917159926786,-1.633083241241867,1.1894032426601184
0.3253859367346948,1.9438171912563666,-0.8618193685192961,-0.24223258084293967,0.832090986430209,0.48562262284501556,-0.14770026370455505,-2.629982784019158,2.8088249303669386,0.4177454329510888
0.9754535741068389,0.9552128734181283,-1.0074171732822441,-0.699802909764163,-0.8073425350443666,-0.1330323266180082,0.34100157055740393,-2.230219158859212,-1.0174605038718934,1.7257720726484176
0.7589029280307832,-1.569858288782661,-1.0186837477988009,1.2666596611321719,0.050656606367725836,2.3359298521868133,-0.9650516512340797,-0.3147464607054757,-0.8765904318025588,-0.20014969406118524
-2.3284095976809915,-0.42292867609126283,-0.9548330929615443,-0.08478974152894099,-1.5980192000912894,0.8779851922548438,1.6518156885587514,0.5117906150439723,0.5160138885221482,-0.09846789156564677
-0.310754290538293,-0.5267392837190992,1.977876179066564,-1.114778837125212,-1.3650750274283228,-0.0214591962153397,-0.012852166057598745,-0.20317149373942128,0.5297538182364785,0.6390288605064464
-1.301284968414867,-0.3898315275606058,-0.2570818456828686,0.1642584052126141,0.07196731053027644,0.685935962297209,0.11793000326713288,-0.45596013339281355,0.00948507789802678,-2.7760856082815173
4.194390152463372,-1.3231322862868067,-0.29927231179625513,0.2265576857473455,-1.1778097978548587,-0.405618922217049,0.41613561232623625,-0.5799731498308776,5.19179669385242,0.02328643076701642
-0.2635062453227883,2.2622812372119236,-0.9443698957223599,-0.3517403721663868,-0.6097855236782573,0.23806245939798543,1.052109599379833,0.661941026497026,0.7335168587402559,-0.4298527607588057
1.0360400900867601,-0.41677779937403736,-0.5174504460249449,-0.2910037794184267,-1.4449050839851552,0.5672465745152466,0.8567487284630024,1.182925287000646,0.21806584431203963,-3.5879892804450435
3.944954020178834,-0.4661329339006495,0.7921992591487654,-0.9572138792251499,0.06683396172799334,-0.18712837908844446,-0.7581323736066348,-0.5676507184614474,0.950316497643244,0.32718616961227304
2.592092224070081,1.281995851596697,1.23872194866629,-0.5543343234656991,-0.7905310270531545,-1.1722648503161315,-0.37111138782445013,-0.10164783791023672,0.5122311377851898,0.34186987653305795
-0.33320241036839426,0.3504865275397766,1.3324227525669794,1.3943692637275404,0.4966945416357142,1.6083796107492905,-0.0203428307500138,5.7391037091372805,1.076230703548124,1.0761184761724345
0.3533327146968437,0.35630256103471636,0.09649512355437194,-0.043911824250155496,0.35674288404547316,-0.7228387297767328,0.6994193850790229,-0.16782692656552456,2.4845918151066977,-0.295433023718135
1.3664694398834496,-1.2591974857175432,-1.7617637418842689,-1.5610193440555118,-1.333131963412129,0.7565611755992406,1.2606257086395842,0.4254779385502253,-2.62099809242486,0.32311518675270595
-2.1847042697946435,-0.5182073703505711,1.8236729875465916,0.3795474841640891,-1.4597440308372105,1.020100666859504,0.18503591919618445,-1.1205220769137523,2.4726371963588347,-0.6161199279543893
-0.047460241682923295,-2.859225814321997,1.6599120633958544,0.44988813199759464,-0.03577663015550865,-0.9670071579587766,-0.5639469135330463,-2.0743368588038216,-1.086048121113825,0.26769183571366506
2.8314355056166227,-2.630270440623994,1.2586904138106256,-0.8754181793182623,-2.3087173879364937,-1.1099264929860229,1.6415448319530783,-0.26816993669197414,-1.082187928397326,-0.04908438941443389
-1.2444600398109538,1.300792773428842,-0.3332798020933022,0.5824656023962937,-0.6759938008969957,-0.6090575983111344,-1.3840891521220644,-2.0739738730100283,0.4336180026177495,-0.45426481008262354
0.20727668378370695,0.9268548638558018,0.6036364256422072,1.1198446724204583,-0.2884472786839064,2.038964752066548,0.19096583267515355,0.23810552487219688,0.5285317226938081,0.014255571786046738
-2.032389218012606,0.10544600862931737,0.17978627893164575,-0.5672099409920285,0.14188098083014028,-0.5915960613981083,1.0239556499652447,-0.06930755622839109,2.2630529723296093,-1.841684494919756
0.22963130772924703,-0.43658854465342706,0.9476473145002552,-0.503380765385433,-0.2016387464699976,-0.7655543101521795,-0.6403858626979575,-0.5562018116582607,-0.03570502617106722,-1.0079881348866637
1.5137653283740673,-0.006813372056317672,1.2247782047081195,-0.15088397524921535,-0.2928615710680983,-0.3599159269215445,-1.8197946873705337,0.20803483714432247,0.21017153084693518,0.13555670427375116
0.6001410754586968,-0.6838460241087843,-0.115474292982389,-0.08110203369470761,-1.3458739457074014,0.03351575464866547,0.9279899664517351,0.46916909087412373,3.55605075924868,-2.2392038295991457
0.14532397188659557,-1.4833230683613283,0.025082978819447172,2.391013746942944,-1.4151221748204603,-0.05559065639175398,0.339040631059062,3.2051732938429867,0.5235938836613808,-1.7137140431992908
0.6120219534854221,0.9753102617706407,0.05195574202216608,0.5564131681295246,0.5269231824777705,-0.2670930272784152,2.2089593291352476,-1.5068222684439236,-1.244352793716307,-0.5941929213370981
0.4082280014075775,-1.19192669320782,0.6575506453504023,-0.5718800898266556,1.0688340325573287,0.6937306569782788,0.509568903902552,0.46213732452110945,-0.029807725658146267,1.4433523763600522
-1.5040432897016256,0.8446964491252522,-1.019431393595286,0.010221790490851115,1.9078910504548952,-0.011206779364014667,-0.5054102694064091,0.40718430078774065,1.0423142351690469,1.353351024726316
-0.5663068064868281,0.9180305549810361,-0.6038245438932947,0.43591174358936724,-0.9295998916609713,0.7398207448716894,1.184151222288625,0.45712268762805813,0.32531581870247556,3.3850609478022995
-0.4788940203672124,-1.016331643543323,-0.1733489047567144,0.8239557559707892,-3.385233937738598,5.202909887926652,-1.1492262138126224,0.483250632456558,-0.629224240901247,1.4648406743408935
0.6073812656546845,-0.6738191310325113,-0.5138396492731855,0.0708869282456215,0.4379553769476454,-1.1928298389870076,2.3645625125481975,-1.9443089353774157,0.17228151828988894,1.4274581815681826
-0.39463538117634334,0.5376421283809981,-0.5484886681301115,0.738679490455142,-1.347499842396994,3.6088167871134402,1.404279838615599,1.9430436819638968,-0.08900070140630764,-1.7012432962653619
-0.19500758123607784,-0.16762518116387612,1.3512676594421174,1.8658171106351547,-0.7995970730523108,-0.007563869470158379,-0.38245783649238285,1.4713090236453297,-0.8540705934996189,-0.01963357927066795
-0.5996674498728668,-1.5543053126947455,-1.063864374768518,1.8015070643671247,-0.9547951627637064,0.22347012756511866,0.7670781313619816,-1.7955276817706476,0.7235218639116511,-0.7574945343321068
-0.4326227231312472,1.393548040516534,-0.3252425865112737,1.4670206081663837,0.19946817609922735,-0.3155167092381093,-2.3721340978873307,1.5790365023214674,-0.6202284775964687,-0.07109431070652435
-0.24612258849885493,-5.650593766702229,0.5690761410593691,0.9917113552488429,-1.175697501606251,-0.11137888181675727,-0.03177100330458707,0.6438880138294841,-0.06452814106192421,0.6193378063855842
-0.6997463799807803,4.324781829835688,1.9028432078644417,-0.5585993638204554,2.4842537429188325,1.4595034001629574,-0.947040462347485,0.8105988331051018,-0.8498185470896161,0.026501469815844444
-3.4287245403284845,3.074786928745943,-0.7503626060906046,-2.6607613253233455,0.8791626341929998,-0.2934647959377904,-1.0129951205672767,-1.2785032769793763,-1.7307457026620672,-0.828205160654188
-0.7151410943077936,-0.2406963320891784,-2.1184485545866343,-0.2475986838165264,0.5182106691358744,-0.22142935206266748,-1.5597193602587875,-1.9201421491926642,1.7469425160646328,-0.3191496404739314
0.2029274918097621,2.378528393771602,-0.6549851608691554,-0.0156766003583851,0.48628452476843487,0.3843743257399803,0.7317190988017773,-0.09496425404820824,0.6903497001832039,0.3895195145068747
-1.465752390247715,0.7610467981096845,-1.5241763007630797,-0.2717974269377258,0.14047267971740965,0.12151248385193388,-1.4276183624892007,0.9896416245955291,1.015304560388896,1.2383821377221653
0.7255595864907278,0.86045651446725,0.5879307618078132,0.25578121400982906,0.17896535966285124,-0.9674626191039503,0.47422804726028794,-0.0051229260270721794,-0.13099297720531883,0.46739547387645675
-0.48903086008976276,0.702816627691156,-0.9537544611367761,-0.06157605685725612,2.2966058080591067,-3.0331912443849425,-0.7767376673778209,-0.7670088006678074,-0.5551814679853732,-5.422781531958946
0.4942593267207683,-0.3632104917725088,-0.8562836271614498,0.2450245040665539,-2.9493743464779283,0.866930629739212,0.9193223784615148,-0.03749965717945737,-0.8188537967612053,-1.164978485969945
-1.3163054290188296,0.14738173583445435,0.46873066468228136,-1.802178973199281,1.0151350225795155,-1.345947904577737,1.9888945339473243,-0.8114014412868236,0.8107036476609301,-1.232429316547498
-1.3620540985827123,0.7810014415149288,-1.5499760746234736,0.4641965987407087,-1.1213504403634014,-0.5226863182987532,0.657994903020084,0.7137148853356284,0.09209220011604573,0.3873291666712114
0.8804730553895619,-0.9665510900641278,-0.6061130158160276,1.7090904268247336,0.04615728348525728,0.7330791054852959,-0.42936112353553335,-0.31755783074972477,-0.5165705849753242,-0.21982281404794296
-0.01964787436386976,1.1839624410778935,-0.8990964272465738,-2.087678728668918,-0.9925078153013192,0.7918942203720434,2.2403215762141464,0.993045542233849,0.0012282109397896827,1.1110654356910779
-2.017091336107368,0.9962579183929852,0.2087588726647924,0.7258844016813099,0.26849552111080677,-0.036682975354734776,0.6436615565041062,-2.047817244730007,2.430819381113746,1.640267665675056
-0.20593436159284856,0.5908048593279559,-0.34207873542929534,-0.4266514619278246,0.1357028473467658,2.769422762129684,1.0769302643520675,1.7243424585203253,3.0601290732186457,-0.9359840295363387
0.23227438659807814,1.5507168827342785,-0.08991876917037059,-0.5185428886652962,-1.9746403189914516,1.9451321603034195,-0.41512266019201954,2.0004170486729005,0.031549117790365025,0.19866998173917222
-0.33223387656014597,1.4502552905307131,0.46876679745265126,6.795937311101902,1.331413175488323,-0.1920178711661432,-1.6300803756970266,1.1722501273049857,-3.5451897878661924,-2.145459117883844
0.345018186723092,-0.5957286601764606,-0.21563826270054515,0.9506167989108748,0.36776677599541135,3.019226059286849,-1.2983634193685372,-0.2891486814325387,-0.4783379719931378,-1.503318427731681
-2.192382267028029,1.3436587755657146,-1.4689662852813017,-0.7450379106080783,1.8809151671800142,0.006380805553220533,0.40284217712291154,-5.208357309372076,1.2759984392566754,0.04193394642574371
1.8155812175389543,0.7363008650610572,-0.48274383742400795,-1.414248506404348,-0.14432757490345619,4.090810051867756,0.20969531633152638,-0.48482750112030426,1.1884637506641016,-1.2299321518967146
-0.9525568257809569,-1.8093113195582646,-0.31996801041890505,0.35791198953654896,1.2249080480604408,0.23404655897693474,-0.025693757542650325,1.7342260699105805,1.2420671293333745,-0.3043744760908108
-3.63055639846931,-0.5822459449152559,-0.4662344629747771,-2.844477762834165,-3.32349348900253,-0.366875978238481,1.7378590750811342,2.6315851340138674,-1.9817712473966909,-0.02699651241587965
-2.7038881551213736,0.5287615369446681,0.06433322425753288,1.4734689085871722,0.8014290665984211,1.9015021288557423,-0.35104582021460856,-1.694436452271728,-0.4429258608657363,0.3312806717393757
-0.2796288322895052,0.4475067913278405,-1.491153038678222,-1.8729744442399372,1.6354098781704156,-1.2549272569067174,0.4621494183247878,-1.156819226323016,-2.3585438034813877,-0.997348559149771
-0.20238407492358906,-0.31976324281267987,1.9371754104127152,-0.401538674031462,0.6666951212987493,5.227200883066415,0.16202195593341875,0.856296373446485,0.21060041358797385,0.4630375304635959
0.8192880446605545,-0.11989265642380147,3.1163682463744564,1.5027711169274243,1.3048564281407,0.7401019473542059,-1.4232719345283391,0.8493380759686519,1.3778766793752772,0.552307435490335
2.086855551351118,-0.8433181407451477,-0.2996861438909689,-0.9955298810493126,-1.1667291935583501,-0.8967991632984731,1.2773257411331045,-0.3155557722848814,-0.46937481080993965,-0.19255381497526491
0.025238228381841497,3.0045790784118585,0.823796543010806,0.6605734597758173,-0.11216528088478311,-2.3061580288669012,0.9634441235635732,1.0396214196226652,0.3509630479523465,2.4057128470690246
-3.1238243193122446,-0.7837519718696,-0.605011615975141,-3.2030089039278455,-0.21294093227587124,-0.1196365357527379,1.632942910793429,-0.6441841491990687,-0.6743224968494115,1.3161643387184923
-0.7865473250114194,-0.5969696066751454,-1.7295748211960702,-0.7045793894943646,-2.2524879494403063,1.1071490247544769,1.1528178297360296,-0.1700922434298936,-1.5626622588981984,-0.8705470848270178
-1.7916659529042294,1.1034646138677602,0.23050877508430664,3.168723710631731,-0.2438306431506637,1.3891673730817704,0.179850190263025,-0.2683729361575664,-2.46911475500195,1.5767729492484703
1.504279021744177,0.8121933700665377,-1.3456377690874675,0.17931410736385225,-0.38676202812596955,1.6134215339607825,1.344514779808355,-3.090504857937755,2.4314838933978162,-0.5449065684985772
-0.4977925626779727,-0.2763367203628521,-0.8710533867394415,-1.353516767516456,-1.44722894578456,-0.12288388655104682,-3.0049538771743207,-0.1518989478856033,0.2125897897823637,0.2133446160570557
-2.2774624781614268,1.3843171666836351,-2.083330877175406,0.06373083921640554,-0.6497734818103731,0.4984715541469083,-2.0789298828443616,0.2378763282807908,-1.1296601207796608,2.285649529941467
-1.3417467153778533,0.9180857468334305,-1.1901985313972585,1.0733579555331683,0.6140902107940958,0.8021369867514784,5.124492405392471,-2.617970066632357,1.4205198852586454,0.062136347212324826
1.5667978295597864,5.18176843202935,0.189775281263517,-0.45640044533817664,-2.3097316728641384,0.32699530797074067,0.039350310957265655,-0.6053832038115388,1.8228033970598116,-1.6631098353009865
1.7219048596622109,-0.7148701194994762,-1.0310140989757042,0.09328638460092775,1.8261723996668748,4.347425084726315,2.7003004212329897,1.6773282001359888,-2.622627543350702,-0.7478837803696596
2.311215832460996,-0.6357546470083041,1.3451418961065806,-0.23032753701531464,-0.26797124784070786,-0.14744951118137187,1.7387910189769864,-1.8750212158904305,0.748907180063955,0.39792767651307215
-1.102211194427228,-0.3171089909362543,2.0189910233566812,-1.1780736023460925,-0.6891759915622119,1.6086265829862811,1.7963325971537283,1.4480491429228455,-1.6933730925161914,0.5360980272585512
0.829124822718974,2.844605535049694,-1.4506710462808885,-0.6778598458708053,0.5647041579658688,-0.772998581506397,0.08987143997132961,0.73728465326554,-0.2212418600229918,-0.10040283520046761
0.1673802687463896,-0.05765374420790313,-0.18077767200530173,0.5267526347361466,3.5037520600792535,0.34973302348865754,0.5395403957936568,-0.7628615638894087,-1.0116875019049827,-1.0465195140184764
-1.7310771803584248,-0.4187394891874702,0.3480607252910161,-0.680749992803992,0.6076567801176965,0.3791670577533408,-0.2963206840188589,0.8539464367990701,1.6866622483730456,-1.0683370283878284
1.770418993625104,2.2604435963046963,-0.39954857759237145,-1.2202457900703698,-2.3890996506019295,2.261417484003937,1.1025110753218768,0.46606565378081605,-0.7907535780180659,-0.6160730411881863
-0.8186618805567903,-1.3306945678005764,-0.29372759719748764,-0.14145971501807625,-0.47152679062399416,-0.1785747215598481,-0.8035304598317394,1.387264312533347,1.0179952520655113,0.4525688166423272
0.16517701998758005,-2.054077818333007,4.758809618913141,0.3880730542827451,-0.7077089000154926,1.4828342067899456,1.8655887490883276,0.3467045603177361,0.9373901006089687,-0.901839079173371
-0.6617805055305356,-0.7414501410249705,1.960122799588468,0.45704476532597,0.043410248629845646,-0.33786204850956547,-0.12845583732899882,1.8995053040608465,0.3641320613697479,-0.8956624521760495
-1.9708431405486098,-2.185450985392442,0.4267310637227058,0.7971869190872137,0.17816861354538147,-0.6468528462758901,1.1078099032616633,0.9414270516824046,-0.5984925672446882,0.46846646692209865
0.23411792525779687,0.7193380229862887,-0.6346022590730559,1.3099460600192991,0.20833644680051225,-3.359269704710202,-0.4646012026151283,0.20430925636245467,-0.70867342189512,-0.7105416141877421
-1.6005266579867712,0.06834117097018332,0.9910931684585609,-0.22617671840883447,-1.648570021028048,0.18776587085527108,-0.7796693121126216,-0.4982457317546739,0.2194996302788746,-1.436433712053351
-0.9950542066152978,-1.1269057914278011,0.517240209204473,1.4529925713833725,-1.3607982570434976,0.5480636285755173,0.7356535281462973,0.31113849805862287,-0.6580861808944599,0.16708741534737542
-1.340476022289854,0.5032695046643019,-0.5563184579307764,1.524087573857638,-0.3330446883441023,1.0163525911835316,2.8683237606197727,-0.33997377793475303,-0.9659246208298733,0.45739904527764674
1.8001050617690397,-0.3523801473689604,-2.2095214606868225,-0.11427403898319853,-0.8157461409608486,1.545509862090769,-0.05063236924299289,0.9313080510016293,0.035994281582205,-0.22605044418953224
1.0280157687638214,-1.3952626320375152,-1.1080204494477348,-0.003384236073037873,1.0701446350615618,-0.05409653606786861,0.9177718902797714,0.5540282315196179,0.36014162856785414,0.7450411939494727
-0.14309995952835472,0.15379115485748285,1.0044239197110834,-4.658123530772984,-1.351638340963722,-0.15477965024265833,-2.2924543727241997,-0.6261562392895883,0.10363394076651267,-0.11589246338421225
1.133039186400729,1.1942689945143925,-2.145199688114633,1.4427944520938167,-2.085205636614666,0.31518878798207706,-0.15259214114725356,-1.593826307256494,1.8406073000106973,-0.8645687837525385
-1.2294453427580179,0.6400342253516228,-0.13715993354193892,-3.3098700417600355,-0.005858528801433623,-0.13933049698356206,0.8183914570045742,-1.4778399034933691,-0.7406325531074321,1.237698924986233
0.30200417464486606,0.30389798782225547,-1.7873772436318014,0.6989005924877141,-1.4961630504868428,-1.9472083892615617,0.13308764983356286,-0.4314242338798237,-1.1142957199349042,0.6982336672524735
-0.7491373360097581,0.4965814159831465,1.7089924875757316,-1.4057456319286938,-0.8683387774290082,-0.16712597227010187,-0.2671622553521388,-1.422995325176791,0.8711655556142529,0.7050536586241456
-0.32818450798956555,0.22235022390643,-1.406796907633153,-1.977166048589889,0.21083176432551892,-0.2525791893722987,0.46354597244267765,1.9820247859547664,-0.16883629578202333,6.102155751513075
-0.3539485842269836,0.9352508863152528,0.4364866017149591,1.2968190750790887,0.6301838408610185,-1.820874287398834,-0.18843710258506527,1.2076242669046078,-0.5212221908600064,2.433211156245216
0.4702203538183976,-0.14587221429797143,0.5614868014190052,0.5971814112247773,-1.4035891598678152,-0.4991945015609274,-0.655169576453925,2.3251099698782287,1.7663860163854275,-0.3068530326005206
-2.0582013443683946,-0.7684076098957981,-1.227308697529841,0.2891265177375443,0.23945467947193422,-0.6576854449468935,-0.3763768535990144,-0.2083693693969562,-0.3004999114978564,1.1975064986434056
-0.4687049080146055,-0.1443533056916324,-0.34677223294354376,0.7521403818229117,-0.47274345109135324,-0.2951116219492287,-2.043181200196714,1.9448400492138493,0.29385658926072683,-0.01199027306542495
1.4968213337399219,1.773712362865324,-1.1497085976977182,0.8193375653849226,-0.037399944442222145,1.9132656100631933,0.11102366328222366,1.4648409945687746,0.14297726818229378,-1.0397342835391956
1.3587626227686995,0.954655358332175,1.7866223591983896,-1.9141013229839525,0.555863916386255,-0.881873034807193,1.3436168948079097,0.6588350996880941,0.058870299229640544,-0.611646230012593
-0.26168893868966664,0.4487749431949715,1.8487382922581765,0.8019687887573487,-0.20368044236664248,-0.921749340056555,1.2415579143539421,2.6509019019590534,-0.6471761316500049,-1.316812236410132
0.11420488789766904,1.0091730396999514,0.486713149742582,2.7709499184994337,1.0141811633829008,-0.046303118486494516,2.453667333340264,-0.9209093283427179,3.238490223370896,1.1281123082332414
-0.044278874404716874,-0.020721516536932615,-2.006409128871355,-0.48114330762281415,0.5637281162687773,1.2944331633460202,-0.5300344904663887,-0.7739715587858584,0.7314869924143663,0.6632492427238841
-0.28095148316009105,1.2574366527221637,-0.6425377765508512,0.6098301914902476,-0.19695737961106935,-0.3521398004899065,-0.08494605117386266,-1.7580592236806794,-0.5163793149882848,0.1849774697171678
-0.9825824375371242,-0.028880696524407046,-1.1172257964347057,0.0986959393986229,-0.8096047812116309,-0.5393020310333226,-0.46222777078407934,-0.02931565070242411,1.0459893913021856,0.7138669238264733
0.8526294733521217,-0.18782143018029546,0.39589045663246597,-0.2288180093575864,-0.49149405452820405,-0.597817485539709,-0.8705102905161493,0.6627302478495053,0.7586881269354773,2.672446600216023
-0.3791973629562288,0.017277378147626758,-2.031024437462889,1.6107211919741617,-0.07413038014681596,-0.5005249548111543,-0.7113219627643022,-0.33821794116403914,0.347551821687564,0.10724773553408352
-0.5963661493423683,0.2940935714402005,0.3387372810790217,0.09392458419755573,0.3155951049012297,-0.0828327060945076,0.7145335123252261,-1.0581620053617204,-1.2087986141137328,-2.023255658712434
0.9307417237648415,2.2529851371620304,-0.47984975021296783,0.19496246372441606,-0.2598456029718637,-1.44688921193908,-0.5325211843347206,-0.5785516869879602,0.4278011708574955,0.09478093597842663
0.40805945950189204,-0.4748914103100873,-0.5077394264122005,0.44904704890036296,1.0515306118834014,-0.5888254104739491,-3.4076869339244857,0.16494712510950935,-0.37188393002441616,0.41964452943021086
1.307725151877297,-0.2549904260918944,-0.74252139276949,-0.2879670209412949,1.7475410310757096,0.5570340450563802,2.060517818383404,-0.41767783117412227,0.8949354769758471,2.9840291844000846
-0.5977978115448548,-0.5088685076631784,0.9675084526337879,-1.4436970904766695,2.357552234080065,-0.35963845902764446,-0.4523274732081775,-1.6610388800369107,-0.012004977843619319,-0.19678070447438714
0.6453448609608745,-0.09489246913790088,0.3689493130545314,0.3967400266833502,2.5578977089942976,1.2149973223829942,1.9126749050640155,1.5542365459148617,-0.7829794118442129,0.5729307891364795
-3.0093069913269646,-0.7368055129462948,-2.0857652950594323,0.11920755097867981,0.621347687293546,-0.2627191774897064,-0.015944820254920992,-1.8208143605937968,0.8757603031063612,-1.4580985213150914
0.7239374967869446,-0.13622187298145996,0.8993195689920181,-0.616066506082508,0.42073362617951526,0.3752055786631299,-0.2569017943878426,0.9556897459627232,0.18909145543466632,4.833673059086768
0.12368971343298232,-0.9685305559916502,1.014595444351719,-1.5945702522111542,0.6492544154763561,-0.9253118445672623,0.3464733713425897,-1.1916763469930811,-1.3513256788157493,-0.46881958264294094
1.6283805701213263,1.1864461871575798,0.7894887350858867,0.02700769245855017,0.9125741793451583,-2.151390919894025,-0.3157360150371207,1.4205921890363218,0.5357417328526948,1.1276472652869791
0.4401843453495794,1.1936063653183575,0.023272612984742307,1.48962328898108,3.7399458745342797,2.006874698011023,0.6368843197034937,-1.8529966406753127,0.6907669552337726,-0.8288521023385235
1.372419251446803,-0.4918503047968348,0.4748285449068905,0.6959434108735834,0.30744013692945904,0.7000565812283234,-0.6058608679530114,-1.095428763541202,-0.4241138777949077,0.042389878234469866
